index,meta_index,group_id
227,227,1
352,352,1
365,365,1
425,426,1
525,526,1
529,530,1
936,939,1
1272,1279,1
1280,1287,1
1469,1476,1
1501,1508,1
1767,1774,1
1784,1791,1
1870,1878,1
1961,1970,1
1985,1994,1
2128,2137,1
2358,2370,1
2594,2608,1
2948,2966,1
2956,2974,1
3261,3281,1
3320,3340,1
3459,3479,1
3460,3480,1
3477,3497,1
3608,3630,1
3938,3962,1
4054,4078,1
4057,4081,1
4107,4131,1
4115,4139,1
4575,4600,1
5110,5140,1
5189,5219,1
5772,5805,1
5794,5827,1
6010,6043,1
6014,6047,1
6232,6269,1
6710,6751,1
7068,7111,1
7075,7118,1
7229,7276,1
7830,7883,1
7900,7953,1
8203,8259,1
8270,8328,1
8563,8622,1
8884,8943,1
217,217,2
383,384,2
448,449,2
776,778,2
800,802,2
857,859,2
1285,1292,2
1369,1376,2
1370,1377,2
1763,1770,2
1913,1922,2
1966,1975,2
1975,1984,2
2076,2085,2
2445,2458,2
2534,2548,2
2536,2550,2
2595,2609,2
2682,2698,2
2748,2765,2
3045,3063,2
3105,3125,2
3112,3132,2
3301,3321,2
3324,3344,2
3442,3462,2
3476,3496,2
3590,3612,2
3615,3637,2
3967,3991,2
4061,4085,2
4292,4316,2
4733,4761,2
4895,4923,2
4905,4933,2
5015,5044,2
5944,5977,2
6026,6059,2
6051,6085,2
6235,6272,2
6269,6306,2
6825,6866,2
6833,6874,2
6917,6958,2
6928,6969,2
7726,7778,2
8005,8059,2
8075,8129,2
8531,8590,2
8664,8723,2
20,20,3
443,444,3
798,800,3
1143,1150,3
1287,1294,3
1359,1366,3
1558,1565,3
1562,1569,3
1599,1606,3
1620,1627,3
1755,1762,3
1762,1769,3
1764,1771,3
1836,1843,3
1838,1845,3
1970,1979,3
1990,1999,3
2107,2116,3
2217,2228,3
2346,2358,3
2418,2431,3
2436,2449,3
2454,2467,3
2583,2597,3
2772,2789,3
3144,3164,3
3308,3328,3
3451,3471,3
3776,3799,3
4035,4059,3
4038,4062,3
4291,4315,3
4612,4638,3
4737,4765,3
5072,5102,3
5436,5469,3
5775,5808,3
6045,6079,3
6940,6981,3
7052,7095,3
7077,7120,3
7082,7125,3
7882,7935,3
8000,8054,3
8051,8105,3
8062,8116,3
8195,8251,3
8543,8602,3
8650,8709,3
8930,8990,3
137,137,4
324,324,4
382,383,4
428,429,4
545,546,4
607,608,4
622,623,4
697,699,4
851,853,4
1363,1370,4
1480,1487,4
1555,1562,4
1773,1780,4
1817,1824,4
1842,1850,4
1950,1959,4
1968,1977,4
1984,1993,4
2091,2100,4
2971,2989,4
3116,3136,4
3123,3143,4
3150,3170,4
3169,3189,4
3268,3288,4
3312,3332,4
3598,3620,4
3691,3713,4
3694,3716,4
4042,4066,4
4051,4075,4
4266,4290,4
4546,4571,4
4580,4605,4
4693,4721,4
4727,4755,4
4896,4924,4
4911,4939,4
5790,5823,4
6019,6052,4
6241,6278,4
6797,6838,4
6914,6955,4
7071,7114,4
7078,7121,4
7242,7289,4
7898,7951,4
8072,8126,4
8558,8617,4
8582,8641,4
1,1,5
327,327,5
375,376,5
381,382,5
518,519,5
864,866,5
1000,1004,5
1050,1055,5
1097,1103,5
1366,1373,5
1680,1687,5
1726,1733,5
1835,1842,5
1979,1988,5
1988,1997,5
2362,2374,5
2574,2588,5
2691,2707,5
3115,3135,5
3136,3156,5
3162,3182,5
3252,3272,5
3274,3294,5
3425,3445,5
3426,3446,5
3487,3507,5
3491,3511,5
3506,3526,5
3683,3705,5
4029,4053,5
4269,4293,5
4283,4307,5
4578,4603,5
4589,4614,5
4687,4715,5
4904,4932,5
5707,5740,5
5783,5816,5
5968,6001,5
6227,6264,5
6236,6273,5
6315,6352,5
6571,6611,5
6707,6748,5
6723,6764,5
6979,7020,5
7079,7122,5
7080,7123,5
7136,7181,5
7890,7943,5
