index,group_id
13,1
21,1
22,1
25,1
28,1
30,1
53,1
56,1
64,1
72,1
74,1
77,1
93,1
100,1
118,1
120,1
122,1
125,1
132,1
168,1
173,1
176,1
178,1
182,1
185,1
195,1
208,1
216,1
217,1
220,1
221,1
222,1
228,1
238,1
243,1
259,1
262,1
265,1
276,1
283,1
287,1
315,1
331,1
365,1
384,1
391,1
393,1
400,1
404,1
425,1
426,1
431,1
441,1
462,1
467,1
475,1
477,1
512,1
515,1
527,1
535,1
538,1
539,1
542,1
555,1
559,1
560,1
563,1
584,1
591,1
600,1
603,1
606,1
611,1
622,1
623,1
630,1
644,1
682,1
699,1
706,1
709,1
720,1
723,1
727,1
734,1
755,1
768,1
780,1
787,1
792,1
807,1
809,1
818,1
822,1
825,1
844,1
846,1
848,1
866,1
870,1
882,1
887,1
894,1
898,1
902,1
905,1
922,1
950,1
962,1
1026,1
1044,1
1053,1
1056,1
1062,1
1084,1
1085,1
1094,1
1108,1
1113,1
1117,1
1124,1
1149,1
1169,1
1191,1
1202,1
1215,1
1224,1
1229,1
1230,1
1239,1
1246,1
1266,1
1280,1
1288,1
1294,1
1302,1
1310,1
1324,1
1333,1
1335,1
1339,1
1353,1
1360,1
1363,1
1365,1
1368,1
1376,1
1378,1
1379,1
1394,1
1420,1
1446,1
1462,1
1497,1
1500,1
1506,1
1522,1
1523,1
1524,1
1534,1
1542,1
1545,1
1560,1
1581,1
1583,1
1598,1
1604,1
1609,1
1625,1
1631,1
1633,1
1635,1
1644,1
1680,1
1682,1
1683,1
1701,1
1705,1
1716,1
1728,1
1733,1
1760,1
1773,1
1783,1
1799,1
1833,1
1835,1
1858,1
1871,1
1885,1
1896,1
1904,1
1908,1
1927,1
1948,1
1956,1
1973,1
1979,1
1986,1
2008,1
2012,1
2028,1
2050,1
2057,1
2061,1
2070,1
2079,1
2088,1
2099,1
2100,1
2110,1
2112,1
2115,1
2117,1
2121,1
2131,1
2141,1
2146,1
2153,1
2158,1
2165,1
2167,1
2171,1
2173,1
2184,1
2205,1
2216,1
2244,1
2253,1
2258,1
2292,1
2297,1
2316,1
2341,1
2342,1
2345,1
2351,1
2353,1
2363,1
2376,1
2379,1
2390,1
2399,1
2400,1
2404,1
2405,1
2423,1
2424,1
2427,1
2434,1
2440,1
2449,1
2454,1
2472,1
2475,1
2486,1
2503,1
2513,1
2518,1
2529,1
2551,1
2552,1
2569,1
2570,1
2575,1
2576,1
2616,1
2622,1
2631,1
2634,1
2635,1
2653,1
2660,1
2669,1
2678,1
2686,1
2699,1
2719,1
2731,1
2749,1
2779,1
2782,1
2786,1
2787,1
2793,1
2794,1
2798,1
2810,1
2824,1
2827,1
2828,1
2830,1
2866,1
2872,1
2883,1
2897,1
2903,1
2921,1
2931,1
2953,1
2964,1
2970,1
2978,1
2994,1
3010,1
3016,1
3021,1
3045,1
3062,1
3089,1
3092,1
3095,1
3099,1
3100,1
3105,1
3113,1
3119,1
3121,1
3125,1
3131,1
3132,1
3139,1
3162,1
3164,1
3210,1
3218,1
3227,1
3237,1
3264,1
3266,1
3277,1
3279,1
3333,1
3342,1
3355,1
3371,1
3378,1
3381,1
3400,1
3432,1
3433,1
3448,1
3460,1
3476,1
3490,1
3521,1
3526,1
3533,1
3541,1
3544,1
3549,1
3552,1
3575,1
3597,1
3611,1
3621,1
3629,1
3631,1
3632,1
3634,1
3654,1
3655,1
3662,1
3679,1
3684,1
3690,1
3691,1
3698,1
3709,1
3710,1
3719,1
3741,1
3763,1
3769,1
3773,1
3788,1
3793,1
3800,1
3806,1
3810,1
3815,1
3816,1
3827,1
3842,1
3859,1
3860,1
3876,1
3882,1
3892,1
3911,1
3937,1
3939,1
3960,1
3982,1
3983,1
3987,1
4023,1
4031,1
4049,1
4057,1
4111,1
4117,1
4120,1
4134,1
4141,1
4145,1
4149,1
4161,1
4181,1
4182,1
4213,1
4216,1
4217,1
4232,1
4260,1
4272,1
4273,1
4276,1
4297,1
4319,1
4347,1
4353,1
4354,1
4355,1
4361,1
4384,1
4386,1
4388,1
4399,1
4410,1
4419,1
4423,1
4432,1
4468,1
4478,1
4486,1
4506,1
4519,1
4523,1
4525,1
4533,1
4564,1
4577,1
4582,1
4603,1
4605,1
4612,1
4614,1
4615,1
4630,1
4645,1
4648,1
4667,1
4674,1
4677,1
4680,1
4700,1
4719,1
4726,1
4737,1
4740,1
4744,1
4748,1
4753,1
4767,1
4819,1
4823,1
4828,1
4855,1
4856,1
4865,1
4887,1
4888,1
4890,1
4895,1
4917,1
4940,1
4945,1
4950,1
4953,1
4957,1
4959,1
4962,1
4968,1
4976,1
4981,1
4988,1
5005,1
5018,1
5038,1
5039,1
5048,1
5071,1
5098,1
5118,1
5132,1
5134,1
5136,1
5142,1
5147,1
5172,1
5178,1
5192,1
5209,1
5212,1
5246,1
5248,1
5260,1
5261,1
5288,1
5304,1
5306,1
5323,1
5347,1
5403,1
5417,1
5420,1
5430,1
5435,1
5449,1
5450,1
5472,1
5482,1
5501,1
5506,1
5509,1
5512,1
5519,1
5527,1
5529,1
5539,1
5566,1
5576,1
5582,1
5605,1
5624,1
5633,1
5635,1
5639,1
5651,1
5688,1
5695,1
5700,1
5704,1
5721,1
5725,1
5735,1
5738,1
5744,1
5746,1
5758,1
5763,1
5778,1
5789,1
5802,1
5810,1
5824,1
5825,1
5826,1
5829,1
5836,1
5855,1
5859,1
5876,1
5885,1
5898,1
5905,1
5920,1
5926,1
5937,1
5941,1
5947,1
5951,1
5953,1
5958,1
5959,1
5978,1
5980,1
5986,1
5994,1
6003,1
6006,1
6021,1
6027,1
6038,1
6054,1
6067,1
6073,1
6074,1
6100,1
6102,1
6109,1
6111,1
6138,1
6149,1
6160,1
6161,1
6162,1
6170,1
6184,1
6188,1
6200,1
6219,1
6221,1
6230,1
6232,1
6236,1
6242,1
6244,1
6254,1
6262,1
6284,1
6291,1
6307,1
6321,1
6326,1
6354,1
6355,1
6356,1
6358,1
6375,1
6384,1
6392,1
6417,1
6418,1
6427,1
6428,1
6431,1
6466,1
6467,1
6479,1
6484,1
6489,1
6547,1
6549,1
6568,1
6572,1
6573,1
6580,1
6584,1
6594,1
6595,1
6596,1
6598,1
6601,1
6629,1
6642,1
6645,1
6654,1
6660,1
6662,1
6677,1
6685,1
6695,1
6697,1
6702,1
6710,1
6734,1
6739,1
6740,1
6745,1
6746,1
6748,1
6770,1
6773,1
6790,1
6804,1
6838,1
6861,1
6871,1
6876,1
6881,1
6882,1
6886,1
6889,1
6891,1
6898,1
6908,1
6920,1
6937,1
6940,1
6944,1
6949,1
6955,1
6956,1
6959,1
6974,1
6984,1
6987,1
6988,1
6995,1
7000,1
7004,1
7025,1
7057,1
7060,1
7063,1
7069,1
7089,1
7091,1
7094,1
7118,1
7120,1
7128,1
7149,1
7151,1
7153,1
7167,1
7173,1
7183,1
7192,1
7199,1
7232,1
7235,1
7258,1
7285,1
7299,1
7305,1
7315,1
7319,1
7334,1
7336,1
7341,1
7345,1
7347,1
7378,1
7379,1
7398,1
7402,1
7428,1
7433,1
7437,1
7439,1
7454,1
7455,1
7461,1
7468,1
7470,1
7482,1
7483,1
7499,1
7510,1
7533,1
7546,1
7553,1
7563,1
7579,1
7583,1
7589,1
7603,1
7604,1
7607,1
7615,1
7631,1
7642,1
7647,1
7654,1
7655,1
7657,1
7660,1
7661,1
7683,1
7685,1
7732,1
7740,1
7743,1
7744,1
7755,1
7762,1
7771,1
7775,1
7777,1
7789,1
7791,1
7794,1
7802,1
7810,1
7818,1
7821,1
7824,1
7825,1
7830,1
7833,1
7841,1
7859,1
7862,1
7867,1
7881,1
7894,1
7897,1
7914,1
7916,1
7945,1
7951,1
7953,1
7964,1
7968,1
7975,1
7979,1
7980,1
8009,1
8019,1
8023,1
8030,1
8034,1
8036,1
8044,1
8073,1
8078,1
8099,1
8109,1
8150,1
8160,1
8176,1
8202,1
8208,1
8220,1
8224,1
8225,1
8236,1
8245,1
8259,1
8260,1
8263,1
8265,1
8275,1
8282,1
8283,1
8291,1
8299,1
8312,1
8317,1
8328,1
8331,1
8345,1
8350,1
8363,1
8368,1
8389,1
8433,1
8438,1
8461,1
8468,1
8473,1
8482,1
8487,1
8488,1
8499,1
8500,1
8515,1
8517,1
8530,1
8559,1
8583,1
8597,1
8601,1
8610,1
8617,1
8622,1
8625,1
8626,1
8645,1
8657,1
8658,1
8676,1
8700,1
8704,1
8706,1
8718,1
8749,1
8750,1
8756,1
8763,1
8764,1
8766,1
8776,1
8789,1
8791,1
8805,1
8810,1
8818,1
8819,1
8825,1
8834,1
8855,1
8864,1
8871,1
8878,1
8893,1
8894,1
8897,1
8913,1
8928,1
8937,1
8945,1
8967,1
8970,1
8980,1
8986,1
8987,1
8995,1
8997,1
9000,1
9006,1
9009,1
9015,1
9040,1
9041,1
9058,1
9065,1
9080,1
9089,1
9092,1
9106,1
9107,1
9140,1
9150,1
9156,1
9163,1
9166,1
9181,1
9185,1
9197,1
9206,1
9220,1
9234,1
9242,1
9245,1
9258,1
9260,1
9261,1
9267,1
9273,1
9280,1
9290,1
9291,1
9297,1
9298,1
9314,1
9321,1
9327,1
9343,1
9348,1
9352,1
9366,1
9375,1
9383,1
9388,1
9391,1
9395,1
9400,1
9411,1
9424,1
9428,1
9444,1
9496,1
9499,1
9505,1
9515,1
9549,1
9554,1
9559,1
9583,1
9589,1
9602,1
9611,1
9619,1
9623,1
9634,1
9638,1
9641,1
9669,1
9689,1
9693,1
9698,1
9702,1
9713,1
9739,1
9740,1
9761,1
9764,1
9775,1
9789,1
9791,1
9798,1
9805,1
9829,1
9846,1
9849,1
9874,1
9906,1
9917,1
9926,1
9945,1
9947,1
9948,1
9962,1
9972,1
9998,1
6,2
9,2
23,2
40,2
52,2
62,2
69,2
94,2
95,2
96,2
99,2
106,2
111,2
136,2
142,2
165,2
218,2
226,2
230,2
252,2
260,2
264,2
273,2
277,2
282,2
286,2
306,2
309,2
336,2
342,2
344,2
357,2
363,2
373,2
387,2
390,2
397,2
412,2
436,2
452,2
471,2
472,2
474,2
482,2
493,2
496,2
498,2
508,2
516,2
517,2
521,2
524,2
532,2
541,2
549,2
552,2
561,2
562,2
578,2
595,2
598,2
602,2
608,2
614,2
617,2
627,2
628,2
636,2
642,2
662,2
670,2
671,2
681,2
686,2
696,2
707,2
724,2
735,2
739,2
759,2
764,2
767,2
770,2
781,2
800,2
801,2
802,2
849,2
852,2
854,2
858,2
883,2
892,2
896,2
911,2
920,2
925,2
933,2
934,2
938,2
942,2
970,2
971,2
982,2
1014,2
1017,2
1018,2
1019,2
1029,2
1061,2
1088,2
1105,2
1106,2
1148,2
1155,2
1161,2
1172,2
1189,2
1193,2
1196,2
1201,2
1203,2
1213,2
1228,2
1232,2
1234,2
1243,2
1244,2
1252,2
1270,2
1274,2
1296,2
1305,2
1315,2
1322,2
1325,2
1329,2
1346,2
1356,2
1371,2
1388,2
1414,2
1415,2
1445,2
1464,2
1476,2
1485,2
1493,2
1495,2
1508,2
1515,2
1517,2
1525,2
1530,2
1533,2
1536,2
1543,2
1547,2
1566,2
1572,2
1587,2
1588,2
1593,2
1602,2
1624,2
1627,2
1653,2
1655,2
1658,2
1660,2
1665,2
1669,2
1679,2
1688,2
1739,2
1759,2
1781,2
1784,2
1788,2
1792,2
1794,2
1798,2
1801,2
1807,2
1808,2
1821,2
1851,2
1861,2
1869,2
1872,2
1880,2
1892,2
1895,2
1897,2
1924,2
1925,2
1944,2
1950,2
1952,2
1964,2
1996,2
1997,2
2007,2
2013,2
2014,2
2019,2
2027,2
2031,2
2039,2
2046,2
2063,2
2074,2
2075,2
2083,2
2085,2
2096,2
2116,2
2130,2
2154,2
2156,2
2185,2
2207,2
2228,2
2236,2
2238,2
2242,2
2248,2
2254,2
2277,2
2278,2
2288,2
2291,2
2315,2
2317,2
2324,2
2328,2
2334,2
2347,2
2355,2
2367,2
2392,2
2408,2
2410,2
2428,2
2450,2
2483,2
2491,2
2493,2
2494,2
2499,2
2508,2
2510,2
2511,2
2516,2
2536,2
2559,2
2563,2
2565,2
2578,2
2594,2
2612,2
2633,2
2636,2
2642,2
2643,2
2697,2
2713,2
2720,2
2722,2
2737,2
2740,2
2746,2
2750,2
2755,2
2760,2
2775,2
2807,2
2820,2
2823,2
2867,2
2876,2
2879,2
2882,2
2886,2
2907,2
2924,2
2932,2
2935,2
2955,2
2973,2
2975,2
2988,2
2989,2
2990,2
3004,2
3009,2
3014,2
3025,2
3027,2
3032,2
3040,2
3066,2
3077,2
3090,2
3103,2
3106,2
3143,2
3149,2
3150,2
3153,2
3156,2
3157,2
3159,2
3170,2
3175,2
3180,2
3181,2
3188,2
3192,2
3233,2
3241,2
3255,2
3258,2
3262,2
3276,2
3287,2
3295,2
3304,2
3309,2
3329,2
3337,2
3338,2
3359,2
3382,2
3397,2
3399,2
3404,2
3413,2
3414,2
3423,2
3425,2
3449,2
3453,2
3454,2
3457,2
3465,2
3467,2
3481,2
3482,2
3484,2
3505,2
3548,2
3551,2
3553,2
3555,2
3563,2
3566,2
3582,2
3606,2
3617,2
3618,2
3623,2
3635,2
3663,2
3673,2
3683,2
3697,2
3707,2
3733,2
3745,2
3747,2
3758,2
3762,2
3765,2
3767,2
3772,2
3774,2
3776,2
3795,2
3819,2
3823,2
3824,2
3832,2
3838,2
3853,2
3855,2
3869,2
3879,2
3884,2
3904,2
3908,2
3910,2
3917,2
3922,2
3924,2
3957,2
3958,2
3959,2
3962,2
3980,2
3985,2
3989,2
3993,2
4007,2
4016,2
4026,2
4033,2
4039,2
4042,2
4046,2
4051,2
4064,2
4069,2
4070,2
4071,2
4079,2
4089,2
4098,2
4102,2
4124,2
4139,2
4142,2
4155,2
4159,2
4166,2
4174,2
4178,2
4194,2
4196,2
4199,2
4205,2
4210,2
4223,2
4225,2
4233,2
4235,2
4249,2
4259,2
4261,2
4269,2
4291,2
4293,2
4296,2
4304,2
4309,2
4311,2
4332,2
4337,2
4343,2
4352,2
4373,2
4383,2
4389,2
4400,2
4404,2
4411,2
4424,2
4433,2
4435,2
4449,2
4455,2
4462,2
4467,2
4490,2
4492,2
4516,2
4517,2
4535,2
4536,2
4539,2
4550,2
4610,2
4616,2
4620,2
4628,2
4634,2
4640,2
4643,2
4646,2
4650,2
4654,2
4662,2
4669,2
4671,2
4672,2
4713,2
4716,2
4722,2
4723,2
4724,2
4730,2
4732,2
4735,2
4760,2
4781,2
4793,2
4795,2
4806,2
4814,2
4820,2
4822,2
4838,2
4864,2
4872,2
4876,2
4877,2
4883,2
4885,2
4897,2
4905,2
4921,2
4926,2
4931,2
4932,2
4933,2
4965,2
4975,2
4979,2
4986,2
4994,2
5007,2
5009,2
5011,2
5013,2
5049,2
5053,2
5054,2
5063,2
5091,2
5104,2
5105,2
5159,2
5161,2
5167,2
5169,2
5179,2
5197,2
5206,2
5231,2
5238,2
5253,2
5269,2
5279,2
5281,2
5290,2
5294,2
5297,2
5315,2
5327,2
5331,2
5369,2
5379,2
5404,2
5410,2
5411,2
5424,2
5429,2
5434,2
5484,2
5485,2
5488,2
5491,2
5504,2
5514,2
5515,2
5521,2
5522,2
5542,2
5545,2
5551,2
5555,2
5568,2
5603,2
5607,2
5643,2
5647,2
5652,2
5659,2
5661,2
5668,2
5673,2
5678,2
5679,2
5687,2
5696,2
5703,2
5708,2
5739,2
5762,2
5764,2
5769,2
5770,2
5772,2
5782,2
5784,2
5791,2
5792,2
5808,2
5812,2
5843,2
5853,2
5865,2
5867,2
5875,2
5886,2
5894,2
5895,2
5897,2
5906,2
5922,2
5923,2
5940,2
5950,2
5973,2
5977,2
6011,2
6017,2
6068,2
6088,2
6105,2
6107,2
6122,2
6125,2
6128,2
6145,2
6148,2
6156,2
6166,2
6176,2
6198,2
6199,2
6202,2
6206,2
6218,2
6222,2
6224,2
6226,2
6227,2
6237,2
6252,2
6253,2
6272,2
6285,2
6301,2
6306,2
6311,2
6320,2
6327,2
6350,2
6359,2
6362,2
6394,2
6397,2
6399,2
6400,2
6412,2
6425,2
6432,2
6442,2
6456,2
6459,2
6461,2
6475,2
6483,2
6488,2
6491,2
6494,2
6507,2
6515,2
6524,2
6540,2
6545,2
6554,2
6555,2
6558,2
6592,2
6612,2
6622,2
6628,2
6636,2
6670,2
6673,2
6692,2
6700,2
6728,2
6731,2
6741,2
6757,2
6759,2
6766,2
6806,2
6820,2
6830,2
6846,2
6855,2
6856,2
6873,2
6885,2
6892,2
6907,2
6947,2
6975,2
6986,2
6991,2
6999,2
7006,2
7017,2
7044,2
7046,2
7049,2
7067,2
7073,2
7078,2
7104,2
7109,2
7114,2
7125,2
7148,2
7150,2
7155,2
7156,2
7175,2
7181,2
7197,2
7200,2
7208,2
7255,2
7279,2
7287,2
7303,2
7342,2
7354,2
7362,2
7376,2
7385,2
7387,2
7414,2
7416,2
7431,2
7432,2
7435,2
7438,2
7442,2
7453,2
7458,2
7464,2
7466,2
7476,2
7480,2
7502,2
7503,2
7507,2
7516,2
7529,2
7531,2
7535,2
7537,2
7551,2
7552,2
7557,2
7564,2
7565,2
7576,2
7588,2
7600,2
7629,2
7636,2
7637,2
7662,2
7664,2
7669,2
7671,2
7677,2
7698,2
7716,2
7719,2
7721,2
7736,2
7748,2
7752,2
7759,2
7770,2
7772,2
7776,2
7787,2
7798,2
7799,2
7801,2
7814,2
7834,2
7836,2
7853,2
7863,2
7872,2
7893,2
7906,2
7941,2
7944,2
7954,2
7965,2
7973,2
7983,2
7984,2
7985,2
7990,2
8015,2
8018,2
8025,2
8066,2
8094,2
8097,2
8102,2
8110,2
8114,2
8123,2
8131,2
8132,2
8157,2
8161,2
8168,2
8174,2
8177,2
8181,2
8187,2
8194,2
8210,2
8226,2
8232,2
8242,2
8279,2
8284,2
8295,2
8300,2
8309,2
8313,2
8333,2
8352,2
8376,2
8380,2
8382,2
8407,2
8410,2
8418,2
8421,2
8422,2
8429,2
8452,2
8459,2
8503,2
8510,2
8511,2
8533,2
8537,2
8540,2
8551,2
8555,2
8558,2
8560,2
8566,2
8570,2
8577,2
8579,2
8580,2
8592,2
8606,2
8616,2
8643,2
8663,2
8670,2
8674,2
8688,2
8691,2
8694,2
8701,2
8712,2
8728,2
8731,2
8732,2
8737,2
8762,2
8773,2
8787,2
8823,2
8826,2
8828,2
8837,2
8858,2
8862,2
8865,2
8869,2
8873,2
8901,2
8904,2
8933,2
8954,2
8961,2
8962,2
8965,2
8981,2
8989,2
8990,2
8996,2
9019,2
9031,2
9042,2
9043,2
9056,2
9059,2
9069,2
9072,2
9075,2
9076,2
9100,2
9102,2
9114,2
9117,2
9125,2
9131,2
9142,2
9143,2
9155,2
9170,2
9175,2
9178,2
9183,2
9193,2
9205,2
9228,2
9252,2
9255,2
9259,2
9265,2
9283,2
9289,2
9299,2
9326,2
9335,2
9336,2
9337,2
9371,2
9376,2
9390,2
9404,2
9418,2
9437,2
9452,2
9455,2
9459,2
9462,2
9470,2
9485,2
9487,2
9489,2
9490,2
9520,2
9525,2
9539,2
9541,2
9568,2
9586,2
9595,2
9617,2
9618,2
9626,2
9627,2
9644,2
9646,2
9648,2
9649,2
9650,2
9665,2
9692,2
9694,2
9701,2
9714,2
9722,2
9723,2
9742,2
9763,2
9774,2
9779,2
9795,2
9803,2
9807,2
9814,2
9823,2
9824,2
9835,2
9837,2
9844,2
9860,2
9864,2
9865,2
9875,2
9882,2
9893,2
9912,2
9958,2
9982,2
9986,2
3,3
7,3
8,3
26,3
29,3
32,3
58,3
66,3
68,3
73,3
102,3
108,3
113,3
127,3
140,3
149,3
155,3
160,3
162,3
166,3
202,3
203,3
207,3
224,3
251,3
270,3
274,3
289,3
305,3
345,3
351,3
354,3
376,3
395,3
427,3
440,3
455,3
458,3
460,3
463,3
473,3
478,3
494,3
504,3
507,3
510,3
531,3
533,3
558,3
566,3
585,3
589,3
604,3
609,3
619,3
641,3
651,3
656,3
659,3
668,3
674,3
679,3
683,3
710,3
716,3
752,3
754,3
762,3
766,3
772,3
784,3
785,3
789,3
805,3
847,3
851,3
867,3
876,3
878,3
916,3
923,3
949,3
956,3
959,3
981,3
985,3
986,3
993,3
994,3
998,3
1010,3
1025,3
1032,3
1041,3
1064,3
1071,3
1076,3
1078,3
1098,3
1102,3
1115,3
1119,3
1137,3
1140,3
1160,3
1163,3
1176,3
1186,3
1199,3
1211,3
1212,3
1221,3
1225,3
1260,3
1284,3
1287,3
1300,3
1306,3
1328,3
1332,3
1336,3
1338,3
1343,3
1409,3
1413,3
1422,3
1436,3
1443,3
1453,3
1458,3
1459,3
1466,3
1479,3
1481,3
1484,3
1501,3
1502,3
1503,3
1521,3
1546,3
1550,3
1559,3
1570,3
1575,3
1586,3
1597,3
1599,3
1603,3
1617,3
1618,3
1621,3
1634,3
1654,3
1670,3
1676,3
1703,3
1717,3
1752,3
1761,3
1762,3
1764,3
1774,3
1778,3
1780,3
1793,3
1810,3
1814,3
1830,3
1831,3
1834,3
1846,3
1884,3
1901,3
1917,3
1929,3
1935,3
1960,3
1977,3
1978,3
1989,3
2001,3
2002,3
2009,3
2015,3
2018,3
2025,3
2032,3
2040,3
2062,3
2084,3
2094,3
2107,3
2120,3
2128,3
2135,3
2142,3
2143,3
2155,3
2172,3
2183,3
2186,3
2200,3
2203,3
2204,3
2217,3
2221,3
2231,3
2232,3
2233,3
2257,3
2268,3
2272,3
2275,3
2280,3
2303,3
2304,3
2305,3
2310,3
2314,3
2320,3
2332,3
2333,3
2344,3
2349,3
2350,3
2364,3
2368,3
2374,3
2377,3
2382,3
2395,3
2396,3
2401,3
2413,3
2416,3
2418,3
2425,3
2435,3
2436,3
2442,3
2462,3
2488,3
2509,3
2512,3
2541,3
2547,3
2549,3
2556,3
2583,3
2585,3
2592,3
2595,3
2609,3
2623,3
2624,3
2630,3
2672,3
2680,3
2715,3
2716,3
2717,3
2729,3
2734,3
2751,3
2757,3
2768,3
2769,3
2771,3
2777,3
2780,3
2781,3
2788,3
2792,3
2826,3
2838,3
2843,3
2877,3
2890,3
2898,3
2909,3
2915,3
2954,3
2957,3
2969,3
3005,3
3013,3
3019,3
3046,3
3048,3
3053,3
3055,3
3056,3
3084,3
3101,3
3110,3
3111,3
3134,3
3166,3
3169,3
3184,3
3187,3
3193,3
3198,3
3217,3
3220,3
3225,3
3232,3
3236,3
3247,3
3267,3
3273,3
3278,3
3293,3
3296,3
3326,3
3330,3
3340,3
3344,3
3348,3
3374,3
3391,3
3405,3
3406,3
3421,3
3426,3
3436,3
3438,3
3446,3
3447,3
3462,3
3470,3
3477,3
3479,3
3496,3
3500,3
3501,3
3512,3
3514,3
3519,3
3539,3
3547,3
3556,3
3557,3
3570,3
3571,3
3576,3
3577,3
3588,3
3589,3
3590,3
3602,3
3605,3
3610,3
3641,3
3659,3
3667,3
3669,3
3675,3
3677,3
3696,3
3714,3
3725,3
3734,3
3739,3
3743,3
3777,3
3779,3
3794,3
3798,3
3801,3
3804,3
3808,3
3813,3
3818,3
3837,3
3844,3
3845,3
3856,3
3864,3
3873,3
3883,3
3886,3
3891,3
3903,3
3931,3
3935,3
3944,3
3947,3
3952,3
3956,3
3963,3
3992,3
4002,3
4013,3
4017,3
4021,3
4025,3
4034,3
4035,3
4061,3
4068,3
4076,3
4078,3
4094,3
4106,3
4114,3
4131,3
4135,3
4169,3
4173,3
4193,3
4198,3
4201,3
4206,3
4222,3
4238,3
4240,3
4252,3
4262,3
4265,3
4280,3
4281,3
4301,3
4320,3
4331,3
4334,3
4335,3
4346,3
4349,3
4362,3
4364,3
4369,3
4371,3
4372,3
4376,3
4406,3
4422,3
4427,3
4431,3
4436,3
4443,3
4458,3
4465,3
4470,3
4481,3
4495,3
4496,3
4499,3
4538,3
4540,3
4553,3
4556,3
4557,3
4559,3
4579,3
4581,3
4583,3
4599,3
4602,3
4617,3
4631,3
4632,3
4637,3
4655,3
4666,3
4676,3
4686,3
4689,3
4695,3
4698,3
4702,3
4711,3
4712,3
4728,3
4746,3
4758,3
4761,3
4769,3
4788,3
4789,3
4803,3
4809,3
4813,3
4821,3
4849,3
4891,3
4900,3
4908,3
4912,3
4915,3
4923,3
4948,3
4949,3
4964,3
4969,3
4991,3
5016,3
5025,3
5036,3
5061,3
5072,3
5086,3
5089,3
5090,3
5119,3
5120,3
5137,3
5150,3
5152,3
5155,3
5162,3
5165,3
5171,3
5177,3
5181,3
5185,3
5187,3
5194,3
5225,3
5245,3
5251,3
5258,3
5271,3
5285,3
5292,3
5293,3
5295,3
5322,3
5326,3
5346,3
5361,3
5373,3
5384,3
5387,3
5388,3
5397,3
5398,3
5425,3
5444,3
5460,3
5461,3
5486,3
5490,3
5494,3
5503,3
5511,3
5513,3
5518,3
5520,3
5531,3
5532,3
5536,3
5547,3
5548,3
5552,3
5559,3
5563,3
5564,3
5570,3
5571,3
5572,3
5574,3
5578,3
5586,3
5595,3
5610,3
5618,3
5627,3
5630,3
5636,3
5640,3
5641,3
5654,3
5671,3
5693,3
5698,3
5699,3
5702,3
5705,3
5723,3
5730,3
5734,3
5737,3
5754,3
5755,3
5775,3
5779,3
5781,3
5790,3
5799,3
5827,3
5833,3
5848,3
5861,3
5869,3
5882,3
5889,3
5891,3
5899,3
5900,3
5909,3
5910,3
5914,3
5918,3
5919,3
5934,3
5966,3
5974,3
5976,3
5988,3
6004,3
6007,3
6008,3
6012,3
6031,3
6043,3
6048,3
6049,3
6071,3
6075,3
6078,3
6083,3
6097,3
6104,3
6112,3
6126,3
6134,3
6135,3
6142,3
6151,3
6153,3
6165,3
6169,3
6183,3
6203,3
6208,3
6210,3
6217,3
6240,3
6251,3
6261,3
6331,3
6338,3
6349,3
6366,3
6371,3
6373,3
6381,3
6406,3
6409,3
6433,3
6444,3
6453,3
6454,3
6457,3
6464,3
6474,3
6493,3
6506,3
6522,3
6530,3
6531,3
6532,3
6536,3
6551,3
6559,3
6563,3
6586,3
6605,3
6617,3
6624,3
6626,3
6639,3
6649,3
6655,3
6656,3
6665,3
6667,3
6691,3
6704,3
6711,3
6718,3
6723,3
6736,3
6744,3
6749,3
6753,3
6772,3
6783,3
6796,3
6799,3
6800,3
6808,3
6813,3
6819,3
6845,3
6847,3
6848,3
6857,3
6870,3
6874,3
6890,3
6922,3
6926,3
6930,3
6932,3
6943,3
6962,3
6967,3
6973,3
6981,3
6990,3
6998,3
7003,3
7010,3
7018,3
7028,3
7030,3
7042,3
7074,3
7085,3
7093,3
7134,3
7135,3
7158,3
7166,3
7172,3
7182,3
7194,3
7214,3
7216,3
7222,3
7223,3
7236,3
7237,3
7238,3
7253,3
7254,3
7260,3
7276,3
7289,3
7298,3
7302,3
7309,3
7326,3
7332,3
7335,3
7375,3
7386,3
7392,3
7393,3
7394,3
7401,3
7420,3
7422,3
7424,3
7425,3
7426,3
7457,3
7460,3
7469,3
7491,3
7501,3
7517,3
7522,3
7530,3
7541,3
7548,3
7568,3
7569,3
7585,3
7601,3
7608,3
7614,3
7616,3
7622,3
7623,3
7652,3
7653,3
7691,3
7692,3
7693,3
7704,3
7722,3
7724,3
7731,3
7749,3
7761,3
7765,3
7766,3
7778,3
7811,3
7817,3
7823,3
7832,3
7843,3
7856,3
7861,3
7865,3
7870,3
7873,3
7884,3
7908,3
7910,3
7911,3
7912,3
7918,3
7925,3
7927,3
7948,3
7955,3
7958,3
7966,3
7977,3
7982,3
7994,3
8001,3
8013,3
8017,3
8022,3
8024,3
8029,3
8033,3
8053,3
8072,3
8089,3
8107,3
8119,3
8128,3
8138,3
8139,3
8144,3
8164,3
8166,3
8175,3
8183,3
8184,3
8209,3
8221,3
8228,3
8244,3
8248,3
8249,3
8272,3
8287,3
8294,3
8323,3
8341,3
8346,3
8365,3
8369,3
8375,3
8379,3
8385,3
8397,3
8479,3
8480,3
8495,3
8506,3
8512,3
8522,3
8547,3
8548,3
8557,3
8568,3
8576,3
8599,3
8600,3
8604,3
8620,3
8621,3
8630,3
8636,3
8653,3
8655,3
8667,3
8678,3
8683,3
8703,3
8705,3
8708,3
8719,3
8721,3
8730,3
8733,3
8748,3
8754,3
8772,3
8774,3
8790,3
8804,3
8807,3
8816,3
8827,3
8833,3
8838,3
8841,3
8844,3
8848,3
8849,3
8863,3
8876,3
8884,3
8888,3
8903,3
8910,3
8911,3
8914,3
8915,3
8923,3
8944,3
8948,3
8956,3
8958,3
8979,3
8985,3
9001,3
9011,3
9023,3
9045,3
9084,3
9085,3
9088,3
9110,3
9127,3
9134,3
9141,3
9158,3
9171,3
9180,3
9186,3
9189,3
9194,3
9195,3
9198,3
9210,3
9225,3
9227,3
9229,3
9233,3
9235,3
9277,3
9307,3
9316,3
9322,3
9331,3
9342,3
9345,3
9347,3
9365,3
9412,3
9430,3
9435,3
9457,3
9478,3
9493,3
9500,3
9513,3
9526,3
9528,3
9529,3
9535,3
9569,3
9576,3
9594,3
9596,3
9613,3
9625,3
9647,3
9655,3
9656,3
9659,3
9664,3
9670,3
9676,3
9679,3
9707,3
9721,3
9732,3
9744,3
9753,3
9790,3
9801,3
9802,3
9822,3
9831,3
9836,3
9839,3
9851,3
9859,3
9867,3
9869,3
9871,3
9876,3
9878,3
9888,3
9929,3
9943,3
9997,3
9999,3
11,4
27,4
33,4
35,4
36,4
37,4
44,4
46,4
49,4
54,4
78,4
109,4
129,4
152,4
153,4
154,4
163,4
164,4
170,4
180,4
181,4
188,4
189,4
197,4
213,4
214,4
219,4
241,4
244,4
248,4
256,4
267,4
278,4
288,4
304,4
307,4
308,4
311,4
312,4
323,4
328,4
347,4
362,4
371,4
385,4
388,4
401,4
406,4
411,4
413,4
422,4
423,4
433,4
434,4
437,4
447,4
468,4
481,4
486,4
489,4
495,4
509,4
518,4
550,4
553,4
574,4
581,4
592,4
649,4
658,4
660,4
663,4
669,4
676,4
692,4
718,4
730,4
732,4
741,4
743,4
744,4
749,4
750,4
769,4
773,4
774,4
775,4
777,4
826,4
832,4
833,4
857,4
861,4
862,4
879,4
893,4
900,4
921,4
951,4
965,4
976,4
980,4
983,4
988,4
1013,4
1016,4
1020,4
1028,4
1030,4
1045,4
1052,4
1057,4
1067,4
1077,4
1103,4
1120,4
1131,4
1138,4
1143,4
1157,4
1159,4
1179,4
1181,4
1194,4
1238,4
1253,4
1254,4
1256,4
1259,4
1285,4
1286,4
1293,4
1301,4
1317,4
1334,4
1341,4
1383,4
1384,4
1395,4
1401,4
1405,4
1408,4
1430,4
1434,4
1452,4
1456,4
1463,4
1465,4
1468,4
1498,4
1509,4
1512,4
1539,4
1540,4
1552,4
1557,4
1571,4
1573,4
1574,4
1594,4
1606,4
1608,4
1611,4
1641,4
1647,4
1652,4
1667,4
1673,4
1690,4
1702,4
1706,4
1708,4
1718,4
1720,4
1722,4
1730,4
1732,4
1747,4
1751,4
1757,4
1763,4
1765,4
1771,4
1777,4
1795,4
1806,4
1812,4
1819,4
1822,4
1829,4
1840,4
1844,4
1855,4
1859,4
1863,4
1873,4
1893,4
1898,4
1905,4
1918,4
1921,4
1933,4
1937,4
1943,4
1955,4
1957,4
1961,4
1967,4
1970,4
1991,4
2016,4
2023,4
2026,4
2045,4
2053,4
2056,4
2077,4
2082,4
2091,4
2095,4
2098,4
2103,4
2105,4
2136,4
2150,4
2180,4
2187,4
2188,4
2199,4
2218,4
2237,4
2240,4
2251,4
2264,4
2265,4
2266,4
2267,4
2270,4
2294,4
2307,4
2339,4
2394,4
2402,4
2417,4
2429,4
2447,4
2448,4
2452,4
2470,4
2473,4
2520,4
2525,4
2530,4
2535,4
2561,4
2562,4
2581,4
2586,4
2604,4
2610,4
2613,4
2614,4
2615,4
2641,4
2645,4
2671,4
2675,4
2693,4
2736,4
2741,4
2753,4
2763,4
2773,4
2795,4
2805,4
2821,4
2834,4
2840,4
2850,4
2851,4
2855,4
2865,4
2868,4
2871,4
2873,4
2887,4
2891,4
2916,4
2927,4
2942,4
2947,4
2949,4
2956,4
2972,4
2974,4
2984,4
2987,4
2991,4
3011,4
3012,4
3036,4
3039,4
3051,4
3075,4
3094,4
3096,4
3107,4
3130,4
3133,4
3140,4
3144,4
3145,4
3148,4
3158,4
3167,4
3177,4
3183,4
3199,4
3200,4
3201,4
3202,4
3205,4
3235,4
3285,4
3290,4
3300,4
3313,4
3317,4
3352,4
3363,4
3367,4
3368,4
3370,4
3384,4
3386,4
3394,4
3403,4
3412,4
3424,4
3435,4
3437,4
3450,4
3455,4
3463,4
3464,4
3485,4
3492,4
3504,4
3515,4
3532,4
3543,4
3546,4
3564,4
3567,4
3568,4
3586,4
3604,4
3608,4
3639,4
3649,4
3658,4
3668,4
3676,4
3686,4
3693,4
3694,4
3699,4
3705,4
3721,4
3729,4
3737,4
3738,4
3750,4
3764,4
3770,4
3791,4
3799,4
3814,4
3817,4
3820,4
3826,4
3830,4
3836,4
3840,4
3841,4
3848,4
3851,4
3852,4
3865,4
3867,4
3868,4
3872,4
3874,4
3881,4
3890,4
3894,4
3906,4
3926,4
3929,4
3934,4
3949,4
3951,4
3976,4
3997,4
4005,4
4009,4
4011,4
4012,4
4027,4
4032,4
4054,4
4055,4
4062,4
4074,4
4075,4
4080,4
4096,4
4103,4
4107,4
4121,4
4129,4
4130,4
4153,4
4163,4
4175,4
4180,4
4208,4
4215,4
4219,4
4221,4
4237,4
4244,4
4251,4
4274,4
4302,4
4327,4
4340,4
4387,4
4394,4
4413,4
4421,4
4429,4
4445,4
4452,4
4471,4
4474,4
4493,4
4497,4
4509,4
4548,4
4568,4
4571,4
4572,4
4578,4
4584,4
4590,4
4592,4
4608,4
4642,4
4651,4
4658,4
4670,4
4692,4
4699,4
4717,4
4742,4
4745,4
4749,4
4759,4
4768,4
4778,4
4785,4
4810,4
4811,4
4812,4
4816,4
4830,4
4837,4
4847,4
4857,4
4859,4
4880,4
4882,4
4930,4
4942,4
4956,4
4960,4
4995,4
5004,4
5019,4
5030,4
5031,4
5032,4
5033,4
5046,4
5047,4
5058,4
5067,4
5075,4
5082,4
5093,4
5094,4
5097,4
5110,4
5113,4
5114,4
5144,4
5154,4
5158,4
5170,4
5173,4
5184,4
5190,4
5230,4
5234,4
5243,4
5255,4
5256,4
5289,4
5307,4
5314,4
5319,4
5324,4
5335,4
5352,4
5389,4
5393,4
5407,4
5412,4
5418,4
5431,4
5442,4
5446,4
5453,4
5459,4
5464,4
5470,4
5493,4
5507,4
5526,4
5535,4
5546,4
5575,4
5580,4
5583,4
5584,4
5593,4
5601,4
5604,4
5612,4
5613,4
5616,4
5617,4
5637,4
5644,4
5655,4
5672,4
5689,4
5694,4
5697,4
5701,4
5722,4
5731,4
5743,4
5748,4
5759,4
5795,4
5804,4
5805,4
5817,4
5832,4
5838,4
5845,4
5864,4
5866,4
5868,4
5872,4
5877,4
5892,4
5912,4
5931,4
5939,4
5946,4
5948,4
5949,4
5968,4
5981,4
5985,4
5999,4
6010,4
6019,4
6020,4
6028,4
6029,4
6030,4
6034,4
6045,4
6047,4
6053,4
6057,4
6060,4
6064,4
6070,4
6081,4
6082,4
6106,4
6108,4
6117,4
6121,4
6130,4
6147,4
6163,4
6164,4
6173,4
6178,4
6189,4
6190,4
6193,4
6213,4
6223,4
6234,4
6258,4
6264,4
6265,4
6305,4
6325,4
6330,4
6345,4
6360,4
6377,4
6385,4
6387,4
6393,4
6398,4
6407,4
6430,4
6443,4
6476,4
6478,4
6485,4
6498,4
6501,4
6502,4
6503,4
6519,4
6528,4
6529,4
6537,4
6539,4
6541,4
6556,4
6567,4
6571,4
6578,4
6579,4
6585,4
6587,4
6609,4
6610,4
6618,4
6631,4
6634,4
6641,4
6643,4
6651,4
6666,4
6671,4
6689,4
6693,4
6706,4
6715,4
6721,4
6751,4
6752,4
6755,4
6763,4
6765,4
6789,4
6807,4
6825,4
6826,4
6832,4
6842,4
6854,4
6860,4
6884,4
6902,4
6904,4
6912,4
6919,4
6936,4
6966,4
6970,4
6972,4
6996,4
7001,4
7013,4
7031,4
7036,4
7041,4
7043,4
7051,4
7065,4
7071,4
7096,4
7101,4
7105,4
7110,4
7113,4
7119,4
7132,4
7139,4
7140,4
7160,4
7169,4
7176,4
7185,4
7187,4
7188,4
7195,4
7196,4
7210,4
7242,4
7259,4
7265,4
7274,4
7294,4
7314,4
7316,4
7331,4
7340,4
7344,4
7352,4
7363,4
7377,4
7390,4
7391,4
7408,4
7410,4
7423,4
7447,4
7451,4
7463,4
7465,4
7473,4
7474,4
7477,4
7478,4
7500,4
7511,4
7515,4
7525,4
7526,4
7547,4
7549,4
7550,4
7555,4
7559,4
7573,4
7578,4
7605,4
7620,4
7628,4
7646,4
7679,4
7681,4
7686,4
7696,4
7707,4
7708,4
7710,4
7720,4
7727,4
7729,4
7735,4
7738,4
7741,4
7747,4
7769,4
7782,4
7790,4
7792,4
7809,4
7822,4
7827,4
7840,4
7858,4
7860,4
7871,4
7880,4
7895,4
7902,4
7928,4
7937,4
7963,4
7981,4
7988,4
7995,4
8007,4
8014,4
8037,4
8045,4
8049,4
8051,4
8079,4
8088,4
8092,4
8093,4
8098,4
8137,4
8148,4
8153,4
8154,4
8171,4
8185,4
8193,4
8215,4
8218,4
8222,4
8246,4
8247,4
8262,4
8264,4
8266,4
8280,4
8320,4
8324,4
8326,4
8337,4
8347,4
8354,4
8355,4
8358,4
8359,4
8370,4
8371,4
8393,4
8394,4
8401,4
8408,4
8415,4
8434,4
8444,4
8453,4
8455,4
8457,4
8470,4
8493,4
8494,4
8498,4
8504,4
8524,4
8542,4
8543,4
8553,4
8567,4
8571,4
8574,4
8605,4
8623,4
8633,4
8639,4
8648,4
8673,4
8680,4
8686,4
8702,4
8723,4
8734,4
8746,4
8747,4
8758,4
8765,4
8771,4
8781,4
8782,4
8800,4
8802,4
8814,4
8815,4
8822,4
8824,4
8836,4
8874,4
8907,4
8925,4
8935,4
8950,4
8957,4
8972,4
8999,4
9003,4
9010,4
9018,4
9029,4
9035,4
9038,4
9049,4
9061,4
9079,4
9087,4
9094,4
9099,4
9105,4
9109,4
9113,4
9118,4
9162,4
9165,4
9174,4
9184,4
9199,4
9211,4
9224,4
9239,4
9248,4
9268,4
9287,4
9300,4
9301,4
9309,4
9332,4
9333,4
9338,4
9340,4
9346,4
9350,4
9353,4
9356,4
9364,4
9385,4
9389,4
9406,4
9416,4
9417,4
9426,4
9433,4
9436,4
9447,4
9450,4
9477,4
9479,4
9480,4
9482,4
9483,4
9495,4
9497,4
9509,4
9523,4
9533,4
9536,4
9542,4
9544,4
9550,4
9555,4
9570,4
9577,4
9582,4
9588,4
9606,4
9633,4
9635,4
9653,4
9654,4
9667,4
9675,4
9677,4
9681,4
9683,4
9685,4
9738,4
9747,4
9748,4
9752,4
9756,4
9762,4
9767,4
9848,4
9866,4
9880,4
9884,4
9901,4
9902,4
9908,4
9922,4
9935,4
9939,4
9942,4
9950,4
9955,4
9956,4
9959,4
9963,4
9974,4
9978,4
9981,4
9983,4
9991,4
9992,4
9993,4
0,5
10,5
24,5
55,5
57,5
65,5
70,5
79,5
83,5
85,5
87,5
90,5
91,5
105,5
123,5
134,5
143,5
187,5
194,5
210,5
229,5
245,5
250,5
254,5
266,5
291,5
292,5
293,5
316,5
324,5
329,5
330,5
341,5
343,5
350,5
360,5
368,5
407,5
409,5
419,5
430,5
432,5
442,5
446,5
457,5
459,5
466,5
469,5
480,5
492,5
497,5
500,5
506,5
525,5
546,5
557,5
568,5
582,5
596,5
597,5
610,5
612,5
621,5
664,5
688,5
695,5
698,5
700,5
714,5
719,5
726,5
733,5
757,5
758,5
761,5
776,5
783,5
786,5
788,5
794,5
842,5
860,5
864,5
865,5
869,5
874,5
901,5
904,5
931,5
936,5
937,5
948,5
953,5
966,5
969,5
975,5
999,5
1012,5
1034,5
1035,5
1037,5
1050,5
1054,5
1060,5
1086,5
1090,5
1112,5
1122,5
1123,5
1127,5
1128,5
1129,5
1141,5
1144,5
1146,5
1147,5
1151,5
1171,5
1182,5
1185,5
1200,5
1218,5
1257,5
1277,5
1297,5
1304,5
1307,5
1314,5
1316,5
1319,5
1320,5
1340,5
1342,5
1345,5
1359,5
1366,5
1373,5
1410,5
1412,5
1418,5
1421,5
1425,5
1428,5
1431,5
1447,5
1449,5
1455,5
1492,5
1518,5
1553,5
1561,5
1567,5
1595,5
1605,5
1620,5
1643,5
1645,5
1648,5
1651,5
1659,5
1687,5
1689,5
1691,5
1692,5
1694,5
1695,5
1710,5
1713,5
1725,5
1731,5
1737,5
1745,5
1766,5
1768,5
1775,5
1789,5
1800,5
1805,5
1809,5
1811,5
1813,5
1823,5
1849,5
1867,5
1868,5
1870,5
1888,5
1938,5
1941,5
1954,5
1976,5
1982,5
1988,5
1999,5
2005,5
2006,5
2021,5
2022,5
2029,5
2030,5
2036,5
2051,5
2060,5
2067,5
2087,5
2092,5
2093,5
2108,5
2124,5
2139,5
2140,5
2166,5
2179,5
2190,5
2210,5
2213,5
2223,5
2227,5
2230,5
2246,5
2255,5
2269,5
2284,5
2289,5
2296,5
2302,5
2340,5
2346,5
2352,5
2387,5
2398,5
2403,5
2407,5
2415,5
2459,5
2480,5
2487,5
2489,5
2490,5
2526,5
2533,5
2544,5
2545,5
2573,5
2577,5
2580,5
2591,5
2601,5
2611,5
2621,5
2625,5
2626,5
2638,5
2639,5
2651,5
2658,5
2663,5
2664,5
2668,5
2670,5
2674,5
2679,5
2704,5
2706,5
2707,5
2709,5
2723,5
2728,5
2730,5
2790,5
2797,5
2817,5
2822,5
2832,5
2842,5
2856,5
2863,5
2864,5
2899,5
2906,5
2912,5
2923,5
2933,5
2936,5
2940,5
2945,5
2946,5
2959,5
2966,5
3006,5
3007,5
3023,5
3028,5
3030,5
3035,5
3061,5
3068,5
3069,5
3070,5
3082,5
3086,5
3093,5
3102,5
3115,5
3118,5
3127,5
3129,5
3141,5
3142,5
3155,5
3161,5
3190,5
3191,5
3194,5
3196,5
3203,5
3204,5
3214,5
3223,5
3249,5
3256,5
3269,5
3275,5
3281,5
3282,5
3286,5
3301,5
3302,5
3321,5
3323,5
3346,5
3361,5
3379,5
3383,5
3385,5
3388,5
3392,5
3401,5
3402,5
3408,5
3420,5
3442,5
3468,5
3480,5
3508,5
3535,5
3538,5
3540,5
3558,5
3572,5
3574,5
3583,5
3596,5
3598,5
3615,5
3616,5
3656,5
3670,5
3671,5
3674,5
3704,5
3713,5
3715,5
3720,5
3732,5
3736,5
3742,5
3748,5
3751,5
3759,5
3760,5
3780,5
3789,5
3790,5
3811,5
3825,5
3839,5
3843,5
3846,5
3857,5
3861,5
3863,5
3866,5
3887,5
3889,5
3893,5
3902,5
3913,5
3921,5
3938,5
3940,5
3955,5
3975,5
3986,5
3988,5
3998,5
4029,5
4041,5
4058,5
4060,5
4065,5
4067,5
4073,5
4077,5
4084,5
4104,5
4112,5
4128,5
4148,5
4162,5
4164,5
4165,5
4168,5
4185,5
4191,5
4200,5
4202,5
4204,5
4207,5
4229,5
4246,5
4256,5
4270,5
4271,5
4283,5
4286,5
4298,5
4325,5
4338,5
4356,5
4375,5
4391,5
4396,5
4412,5
4414,5
4439,5
4451,5
4463,5
4473,5
4484,5
4494,5
4500,5
4502,5
4510,5
4528,5
4542,5
4545,5
4549,5
4580,5
4587,5
4588,5
4609,5
4611,5
4613,5
4638,5
4649,5
4657,5
4663,5
4664,5
4668,5
4673,5
4681,5
4684,5
4690,5
4701,5
4703,5
4709,5
4715,5
4743,5
4747,5
4762,5
4765,5
4766,5
4772,5
4780,5
4786,5
4802,5
4804,5
4815,5
4817,5
4825,5
4826,5
4831,5
4835,5
4845,5
4848,5
4858,5
4869,5
4919,5
4935,5
4937,5
4980,5
4989,5
4998,5
5000,5
5002,5
5003,5
5014,5
5023,5
5027,5
5040,5
5041,5
5052,5
5062,5
5068,5
5081,5
5085,5
5099,5
5112,5
5116,5
5126,5
5129,5
5138,5
5141,5
5143,5
5148,5
5149,5
5151,5
5176,5
5186,5
5201,5
5205,5
5210,5
5214,5
5217,5
5227,5
5232,5
5233,5
5235,5
5252,5
5254,5
5265,5
5275,5
5282,5
5283,5
5296,5
5308,5
5316,5
5321,5
5330,5
5332,5
5363,5
5374,5
5376,5
5377,5
5380,5
5383,5
5405,5
5408,5
5428,5
5436,5
5437,5
5448,5
5471,5
5479,5
5487,5
5489,5
5502,5
5528,5
5533,5
5543,5
5560,5
5569,5
5594,5
5596,5
5606,5
5609,5
5623,5
5631,5
5642,5
5650,5
5660,5
5712,5
5718,5
5742,5
5750,5
5756,5
5757,5
5768,5
5807,5
5813,5
5820,5
5823,5
5849,5
5850,5
5860,5
5863,5
5880,5
5907,5
5911,5
5929,5
5936,5
5944,5
5954,5
5955,5
5965,5
5971,5
5972,5
5979,5
5998,5
6009,5
6035,5
6037,5
6040,5
6044,5
6050,5
6056,5
6058,5
6077,5
6080,5
6092,5
6095,5
6098,5
6103,5
6114,5
6124,5
6143,5
6177,5
6182,5
6207,5
6216,5
6246,5
6249,5
6256,5
6269,5
6271,5
6278,5
6289,5
6295,5
6300,5
6303,5
6314,5
6340,5
6348,5
6376,5
6391,5
6395,5
6414,5
6416,5
6421,5
6423,5
6435,5
6438,5
6451,5
6486,5
6487,5
6505,5
6509,5
6510,5
6512,5
6533,5
6538,5
6570,5
6582,5
6590,5
6591,5
6593,5
6597,5
6608,5
6611,5
6613,5
6614,5
6620,5
6638,5
6640,5
6690,5
6694,5
6696,5
6707,5
6712,5
6720,5
6738,5
6761,5
6767,5
6780,5
6791,5
6805,5
6812,5
6817,5
6818,5
6823,5
6849,5
6853,5
6858,5
6868,5
6878,5
6883,5
6900,5
6917,5
6924,5
6929,5
6952,5
6964,5
7014,5
7019,5
7035,5
7040,5
7059,5
7061,5
7062,5
7066,5
7075,5
7079,5
7087,5
7100,5
7106,5
7124,5
7138,5
7142,5
7143,5
7180,5
7213,5
7215,5
7228,5
7266,5
7277,5
7284,5
7293,5
7307,5
7321,5
7350,5
7365,5
7368,5
7370,5
7371,5
7372,5
7383,5
7399,5
7405,5
7406,5
7419,5
7430,5
7434,5
7440,5
7443,5
7449,5
7459,5
7472,5
7475,5
7492,5
7497,5
7540,5
7543,5
7561,5
7562,5
7566,5
7577,5
7587,5
7592,5
7593,5
7598,5
7606,5
7613,5
7618,5
7621,5
7624,5
7632,5
7634,5
7675,5
7678,5
7695,5
7700,5
7705,5
7711,5
7714,5
7717,5
7754,5
7756,5
7757,5
7764,5
7774,5
7796,5
7800,5
7803,5
7804,5
7805,5
7852,5
7854,5
7876,5
7879,5
7887,5
7891,5
7896,5
7901,5
7930,5
7932,5
7935,5
7936,5
7940,5
7952,5
7991,5
8003,5
8011,5
8016,5
8031,5
8041,5
8043,5
8048,5
8062,5
8082,5
8087,5
8100,5
8108,5
8134,5
8143,5
8162,5
8163,5
8182,5
8190,5
8195,5
8206,5
8207,5
8212,5
8230,5
8231,5
8233,5
8234,5
8239,5
8256,5
8278,5
8286,5
8289,5
8296,5
8308,5
8338,5
8340,5
8343,5
8348,5
8360,5
8372,5
8373,5
8377,5
8409,5
8411,5
8423,5
8424,5
8427,5
8435,5
8450,5
8464,5
8489,5
8505,5
8507,5
8523,5
8527,5
8534,5
8549,5
8556,5
8573,5
8581,5
8588,5
8611,5
8649,5
8651,5
8652,5
8662,5
8672,5
8687,5
8689,5
8690,5
8695,5
8698,5
8716,5
8722,5
8742,5
8751,5
8753,5
8757,5
8770,5
8778,5
8783,5
8784,5
8799,5
8809,5
8821,5
8830,5
8868,5
8872,5
8882,5
8889,5
8896,5
8899,5
8917,5
8920,5
8924,5
8934,5
8946,5
8947,5
8952,5
8964,5
8971,5
8975,5
8982,5
8983,5
9028,5
9032,5
9046,5
9052,5
9057,5
9068,5
9108,5
9115,5
9119,5
9122,5
9123,5
9124,5
9135,5
9144,5
9147,5
9152,5
9154,5
9167,5
9169,5
9172,5
9173,5
9187,5
9190,5
9204,5
9208,5
9217,5
9219,5
9226,5
9238,5
9243,5
9244,5
9246,5
9251,5
9264,5
9278,5
9279,5
9282,5
9311,5
9313,5
9330,5
9358,5
9367,5
9370,5
9396,5
9398,5
9403,5
9408,5
9410,5
9413,5
9432,5
9442,5
9445,5
9448,5
9451,5
9458,5
9465,5
9471,5
9473,5
9488,5
9504,5
9524,5
9538,5
9543,5
9546,5
9553,5
9585,5
9601,5
9603,5
9604,5
9632,5
9651,5
9660,5
9672,5
9678,5
9680,5
9684,5
9699,5
9706,5
9719,5
9724,5
9730,5
9733,5
9745,5
9749,5
9765,5
9766,5
9769,5
9773,5
9776,5
9784,5
9786,5
9788,5
9833,5
9861,5
9868,5
9883,5
9889,5
9904,5
9905,5
9910,5
9916,5
9920,5
9925,5
9957,5
9961,5
9967,5
