index,meta_index
0,0
1,1
2,2
3,3
4,4
5,5
6,6
7,7
8,8
9,9
10,10
11,11
12,12
13,13
14,14
15,15
16,16
17,17
18,18
19,19
20,20
21,21
22,22
23,23
24,24
25,25
26,26
27,27
28,28
29,29
30,30
31,31
32,32
33,33
34,34
35,35
36,36
37,37
38,38
39,39
40,40
41,41
42,42
43,43
44,44
45,45
46,46
47,47
48,48
49,49
50,50
51,51
52,52
53,53
54,54
55,55
56,56
57,57
58,58
59,59
60,60
61,61
62,62
63,63
64,64
65,65
66,66
67,67
68,68
69,69
70,70
71,71
72,72
73,73
74,74
75,75
76,76
77,77
78,78
79,79
80,80
81,81
82,82
83,83
84,84
85,85
86,86
87,87
88,88
89,89
90,90
91,91
92,92
93,93
94,94
95,95
96,96
97,97
98,98
99,99
100,100
101,101
102,102
103,103
104,104
105,105
106,106
107,107
108,108
109,109
110,110
111,111
112,112
113,113
114,114
115,115
116,116
117,117
118,118
119,119
120,120
121,121
122,122
123,123
124,124
125,125
126,126
127,127
128,128
129,129
130,130
131,131
132,132
133,133
134,134
135,135
136,136
137,137
138,138
139,139
140,140
141,141
142,142
143,143
144,144
145,145
146,146
147,147
148,148
149,149
150,150
151,151
152,152
153,153
154,154
155,155
156,156
157,157
158,158
159,159
160,160
161,161
162,162
163,163
164,164
165,165
166,166
167,167
168,168
169,169
170,170
171,171
172,172
173,173
174,174
175,175
176,176
177,177
178,178
179,179
180,180
181,181
182,182
183,183
184,184
185,185
186,186
187,187
188,188
189,189
190,190
191,191
192,192
193,193
194,194
195,195
196,196
197,197
198,198
199,199
200,200
201,201
202,202
203,203
204,204
205,205
206,206
207,207
208,208
209,209
210,210
211,211
212,212
213,213
214,214
215,215
216,216
217,217
218,218
219,219
220,220
221,221
222,222
223,223
224,224
225,225
226,226
227,227
228,228
229,229
230,230
231,231
232,232
233,233
234,234
235,235
236,236
237,237
238,238
239,239
240,240
241,241
242,242
243,243
244,244
245,245
246,246
247,247
248,248
249,249
250,250
251,251
252,252
253,253
254,254
255,255
256,256
257,257
258,258
259,259
260,260
261,261
262,262
263,263
264,264
265,265
266,266
267,267
268,268
269,269
270,270
271,271
272,272
273,273
274,274
275,275
276,276
277,277
278,278
279,279
280,280
281,281
282,282
283,283
284,284
285,285
286,286
287,287
288,288
289,289
290,290
291,291
292,292
293,293
294,294
295,295
296,296
297,297
298,298
299,299
300,300
301,301
302,302
303,303
304,304
305,305
306,306
307,307
308,308
309,309
310,310
311,311
312,312
313,313
314,314
315,315
316,316
317,317
318,318
319,319
320,320
321,321
322,322
323,323
324,324
325,325
326,326
327,327
328,328
329,329
330,330
331,331
332,332
333,333
334,334
335,335
336,336
337,337
338,338
339,339
340,340
341,341
342,342
343,343
344,344
345,345
346,346
347,347
348,348
349,349
350,350
351,351
352,352
353,353
354,354
355,355
356,356
357,357
358,358
359,359
360,360
361,361
362,362
363,363
364,364
365,365
366,367
367,368
368,369
369,370
370,371
371,372
372,373
373,374
374,375
375,376
376,377
377,378
378,379
379,380
380,381
381,382
382,383
383,384
384,385
385,386
386,387
387,388
388,389
389,390
390,391
391,392
392,393
393,394
394,395
395,396
396,397
397,398
398,399
399,400
400,401
401,402
402,403
403,404
404,405
405,406
406,407
407,408
408,409
409,410
410,411
411,412
412,413
413,414
414,415
415,416
416,417
417,418
418,419
419,420
420,421
421,422
422,423
423,424
424,425
425,426
426,427
427,428
428,429
429,430
430,431
431,432
432,433
433,434
434,435
435,436
436,437
437,438
438,439
439,440
440,441
441,442
442,443
443,444
444,445
445,446
446,447
447,448
448,449
449,450
450,451
451,452
452,453
453,454
454,455
455,456
456,457
457,458
458,459
459,460
460,461
461,462
462,463
463,464
464,465
465,466
466,467
467,468
468,469
469,470
470,471
471,472
472,473
473,474
474,475
475,476
476,477
477,478
478,479
479,480
480,481
481,482
482,483
483,484
484,485
485,486
486,487
487,488
488,489
489,490
490,491
491,492
492,493
493,494
494,495
495,496
496,497
497,498
498,499
499,500
500,501
501,502
502,503
503,504
504,505
505,506
506,507
507,508
508,509
509,510
510,511
511,512
512,513
513,514
514,515
515,516
516,517
517,518
518,519
519,520
520,521
521,522
522,523
523,524
524,525
525,526
526,527
527,528
528,529
529,530
530,531
531,532
532,533
533,534
534,535
535,536
536,537
537,538
538,539
539,540
540,541
541,542
542,543
543,544
544,545
545,546
546,547
547,548
548,549
549,550
550,551
551,552
552,553
553,554
554,555
555,556
556,557
557,558
558,559
559,560
560,561
561,562
562,563
563,564
564,565
565,566
566,567
567,568
568,569
569,570
570,571
571,572
572,573
573,574
574,575
575,576
576,577
577,578
578,579
579,580
580,581
581,582
582,583
583,584
584,585
585,586
586,587
587,588
588,589
589,590
590,591
591,592
592,593
593,594
594,595
595,596
596,597
597,598
598,599
599,600
600,601
601,602
602,603
603,604
604,605
605,606
606,607
607,608
608,609
609,610
610,611
611,612
612,613
613,614
614,615
615,616
616,617
617,618
618,619
619,620
620,621
621,622
622,623
623,624
624,625
625,626
626,627
627,628
628,629
629,630
630,631
631,632
632,633
633,634
634,635
635,636
636,637
637,638
638,639
639,640
640,641
641,642
642,643
643,644
644,645
645,646
646,647
647,648
648,649
649,650
650,651
651,652
652,653
653,654
654,655
655,656
656,657
657,658
658,659
659,660
660,661
661,662
662,663
663,664
664,665
665,666
666,667
667,668
668,669
669,670
670,671
671,672
672,673
673,674
674,675
675,676
676,677
677,678
678,680
679,681
680,682
681,683
682,684
683,685
684,686
685,687
686,688
687,689
688,690
689,691
690,692
691,693
692,694
693,695
694,696
695,697
696,698
697,699
698,700
699,701
700,702
701,703
702,704
703,705
704,706
705,707
706,708
707,709
708,710
709,711
710,712
711,713
712,714
713,715
714,716
715,717
716,718
717,719
718,720
719,721
720,722
721,723
722,724
723,725
724,726
725,727
726,728
727,729
728,730
729,731
730,732
731,733
732,734
733,735
734,736
735,737
736,738
737,739
738,740
739,741
740,742
741,743
742,744
743,745
744,746
745,747
746,748
747,749
748,750
749,751
750,752
751,753
752,754
753,755
754,756
755,757
756,758
757,759
758,760
759,761
760,762
761,763
762,764
763,765
764,766
765,767
766,768
767,769
768,770
769,771
770,772
771,773
772,774
773,775
774,776
775,777
776,778
777,779
778,780
779,781
780,782
781,783
782,784
783,785
784,786
785,787
786,788
787,789
788,790
789,791
790,792
791,793
792,794
793,795
794,796
795,797
796,798
797,799
798,800
799,801
800,802
801,803
802,804
803,805
804,806
805,807
806,808
807,809
808,810
809,811
810,812
811,813
812,814
813,815
814,816
815,817
816,818
817,819
818,820
819,821
820,822
821,823
822,824
823,825
824,826
825,827
826,828
827,829
828,830
829,831
830,832
831,833
832,834
833,835
834,836
835,837
836,838
837,839
838,840
839,841
840,842
841,843
842,844
843,845
844,846
845,847
846,848
847,849
848,850
849,851
850,852
851,853
852,854
853,855
854,856
855,857
856,858
857,859
858,860
859,861
860,862
861,863
862,864
863,865
864,866
865,867
866,868
867,869
868,870
869,871
870,872
871,873
872,874
873,875
874,876
875,877
876,878
877,879
878,880
879,881
880,882
881,883
882,884
883,885
884,886
885,887
886,888
887,889
888,890
889,891
890,892
891,893
892,894
893,895
894,896
895,897
896,898
897,899
898,900
899,901
900,902
901,903
902,904
903,905
904,906
905,907
906,908
907,909
908,910
909,911
910,912
911,913
912,914
913,915
914,916
915,917
916,918
917,919
918,920
919,921
920,922
921,923
922,924
923,925
924,926
925,927
926,928
927,929
928,930
929,931
930,933
931,934
932,935
933,936
934,937
935,938
936,939
937,940
938,941
939,942
940,943
941,944
942,945
943,946
944,947
945,948
946,949
947,950
948,951
949,952
950,953
951,954
952,955
953,956
954,957
955,958
956,959
957,960
958,961
959,962
960,963
961,964
962,965
963,966
964,967
965,968
966,969
967,970
968,971
969,972
970,973
971,974
972,975
973,976
974,977
975,979
976,980
977,981
978,982
979,983
980,984
981,985
982,986
983,987
984,988
985,989
986,990
987,991
988,992
989,993
990,994
991,995
992,996
993,997
994,998
995,999
996,1000
997,1001
998,1002
999,1003
1000,1004
1001,1005
1002,1006
1003,1007
1004,1008
1005,1009
1006,1010
1007,1011
1008,1012
1009,1013
1010,1014
1011,1015
1012,1016
1013,1017
1014,1018
1015,1019
1016,1020
1017,1021
1018,1022
1019,1023
1020,1024
1021,1025
1022,1026
1023,1027
1024,1028
1025,1029
1026,1030
1027,1031
1028,1032
1029,1033
1030,1034
1031,1035
1032,1036
1033,1037
1034,1038
1035,1039
1036,1040
1037,1041
1038,1042
1039,1043
1040,1044
1041,1045
1042,1046
1043,1047
1044,1048
1045,1049
1046,1050
1047,1051
1048,1053
1049,1054
1050,1055
1051,1056
1052,1057
1053,1058
1054,1059
1055,1060
1056,1061
1057,1062
1058,1063
1059,1064
1060,1065
1061,1066
1062,1067
1063,1068
1064,1069
1065,1070
1066,1071
1067,1072
1068,1073
1069,1074
1070,1075
1071,1076
1072,1077
1073,1078
1074,1079
1075,1080
1076,1081
1077,1082
1078,1083
1079,1085
1080,1086
1081,1087
1082,1088
1083,1089
1084,1090
1085,1091
1086,1092
1087,1093
1088,1094
1089,1095
1090,1096
1091,1097
1092,1098
1093,1099
1094,1100
1095,1101
1096,1102
1097,1103
1098,1104
1099,1105
1100,1106
1101,1107
1102,1109
1103,1110
1104,1111
1105,1112
1106,1113
1107,1114
1108,1115
1109,1116
1110,1117
1111,1118
1112,1119
1113,1120
1114,1121
1115,1122
1116,1123
1117,1124
1118,1125
1119,1126
1120,1127
1121,1128
1122,1129
1123,1130
1124,1131
1125,1132
1126,1133
1127,1134
1128,1135
1129,1136
1130,1137
1131,1138
1132,1139
1133,1140
1134,1141
1135,1142
1136,1143
1137,1144
1138,1145
1139,1146
1140,1147
1141,1148
1142,1149
1143,1150
1144,1151
1145,1152
1146,1153
1147,1154
1148,1155
1149,1156
1150,1157
1151,1158
1152,1159
1153,1160
1154,1161
1155,1162
1156,1163
1157,1164
1158,1165
1159,1166
1160,1167
1161,1168
1162,1169
1163,1170
1164,1171
1165,1172
1166,1173
1167,1174
1168,1175
1169,1176
1170,1177
1171,1178
1172,1179
1173,1180
1174,1181
1175,1182
1176,1183
1177,1184
1178,1185
1179,1186
1180,1187
1181,1188
1182,1189
1183,1190
1184,1191
1185,1192
1186,1193
1187,1194
1188,1195
1189,1196
1190,1197
1191,1198
1192,1199
1193,1200
1194,1201
1195,1202
1196,1203
1197,1204
1198,1205
1199,1206
1200,1207
1201,1208
1202,1209
1203,1210
1204,1211
1205,1212
1206,1213
1207,1214
1208,1215
1209,1216
1210,1217
1211,1218
1212,1219
1213,1220
1214,1221
1215,1222
1216,1223
1217,1224
1218,1225
1219,1226
1220,1227
1221,1228
1222,1229
1223,1230
1224,1231
1225,1232
1226,1233
1227,1234
1228,1235
1229,1236
1230,1237
1231,1238
1232,1239
1233,1240
1234,1241
1235,1242
1236,1243
1237,1244
1238,1245
1239,1246
1240,1247
1241,1248
1242,1249
1243,1250
1244,1251
1245,1252
1246,1253
1247,1254
1248,1255
1249,1256
1250,1257
1251,1258
1252,1259
1253,1260
1254,1261
1255,1262
1256,1263
1257,1264
1258,1265
1259,1266
1260,1267
1261,1268
1262,1269
1263,1270
1264,1271
1265,1272
1266,1273
1267,1274
1268,1275
1269,1276
1270,1277
1271,1278
1272,1279
1273,1280
1274,1281
1275,1282
1276,1283
1277,1284
1278,1285
1279,1286
1280,1287
1281,1288
1282,1289
1283,1290
1284,1291
1285,1292
1286,1293
1287,1294
1288,1295
1289,1296
1290,1297
1291,1298
1292,1299
1293,1300
1294,1301
1295,1302
1296,1303
1297,1304
1298,1305
1299,1306
1300,1307
1301,1308
1302,1309
1303,1310
1304,1311
1305,1312
1306,1313
1307,1314
1308,1315
1309,1316
1310,1317
1311,1318
1312,1319
1313,1320
1314,1321
1315,1322
1316,1323
1317,1324
1318,1325
1319,1326
1320,1327
1321,1328
1322,1329
1323,1330
1324,1331
1325,1332
1326,1333
1327,1334
1328,1335
1329,1336
1330,1337
1331,1338
1332,1339
1333,1340
1334,1341
1335,1342
1336,1343
1337,1344
1338,1345
1339,1346
1340,1347
1341,1348
1342,1349
1343,1350
1344,1351
1345,1352
1346,1353
1347,1354
1348,1355
1349,1356
1350,1357
1351,1358
1352,1359
1353,1360
1354,1361
1355,1362
1356,1363
1357,1364
1358,1365
1359,1366
1360,1367
1361,1368
1362,1369
1363,1370
1364,1371
1365,1372
1366,1373
1367,1374
1368,1375
1369,1376
1370,1377
1371,1378
1372,1379
1373,1380
1374,1381
1375,1382
1376,1383
1377,1384
1378,1385
1379,1386
1380,1387
1381,1388
1382,1389
1383,1390
1384,1391
1385,1392
1386,1393
1387,1394
1388,1395
1389,1396
1390,1397
1391,1398
1392,1399
1393,1400
1394,1401
1395,1402
1396,1403
1397,1404
1398,1405
1399,1406
1400,1407
1401,1408
1402,1409
1403,1410
1404,1411
1405,1412
1406,1413
1407,1414
1408,1415
1409,1416
1410,1417
1411,1418
1412,1419
1413,1420
1414,1421
1415,1422
1416,1423
1417,1424
1418,1425
1419,1426
1420,1427
1421,1428
1422,1429
1423,1430
1424,1431
1425,1432
1426,1433
1427,1434
1428,1435
1429,1436
1430,1437
1431,1438
1432,1439
1433,1440
1434,1441
1435,1442
1436,1443
1437,1444
1438,1445
1439,1446
1440,1447
1441,1448
1442,1449
1443,1450
1444,1451
1445,1452
1446,1453
1447,1454
1448,1455
1449,1456
1450,1457
1451,1458
1452,1459
1453,1460
1454,1461
1455,1462
1456,1463
1457,1464
1458,1465
1459,1466
1460,1467
1461,1468
1462,1469
1463,1470
1464,1471
1465,1472
1466,1473
1467,1474
1468,1475
1469,1476
1470,1477
1471,1478
1472,1479
1473,1480
1474,1481
1475,1482
1476,1483
1477,1484
1478,1485
1479,1486
1480,1487
1481,1488
1482,1489
1483,1490
1484,1491
1485,1492
1486,1493
1487,1494
1488,1495
1489,1496
1490,1497
1491,1498
1492,1499
1493,1500
1494,1501
1495,1502
1496,1503
1497,1504
1498,1505
1499,1506
1500,1507
1501,1508
1502,1509
1503,1510
1504,1511
1505,1512
1506,1513
1507,1514
1508,1515
1509,1516
1510,1517
1511,1518
1512,1519
1513,1520
1514,1521
1515,1522
1516,1523
1517,1524
1518,1525
1519,1526
1520,1527
1521,1528
1522,1529
1523,1530
1524,1531
1525,1532
1526,1533
1527,1534
1528,1535
1529,1536
1530,1537
1531,1538
1532,1539
1533,1540
1534,1541
1535,1542
1536,1543
1537,1544
1538,1545
1539,1546
1540,1547
1541,1548
1542,1549
1543,1550
1544,1551
1545,1552
1546,1553
1547,1554
1548,1555
1549,1556
1550,1557
1551,1558
1552,1559
1553,1560
1554,1561
1555,1562
1556,1563
1557,1564
1558,1565
1559,1566
1560,1567
1561,1568
1562,1569
1563,1570
1564,1571
1565,1572
1566,1573
1567,1574
1568,1575
1569,1576
1570,1577
1571,1578
1572,1579
1573,1580
1574,1581
1575,1582
1576,1583
1577,1584
1578,1585
1579,1586
1580,1587
1581,1588
1582,1589
1583,1590
1584,1591
1585,1592
1586,1593
1587,1594
1588,1595
1589,1596
1590,1597
1591,1598
1592,1599
1593,1600
1594,1601
1595,1602
1596,1603
1597,1604
1598,1605
1599,1606
1600,1607
1601,1608
1602,1609
1603,1610
1604,1611
1605,1612
1606,1613
1607,1614
1608,1615
1609,1616
1610,1617
1611,1618
1612,1619
1613,1620
1614,1621
1615,1622
1616,1623
1617,1624
1618,1625
1619,1626
1620,1627
1621,1628
1622,1629
1623,1630
1624,1631
1625,1632
1626,1633
1627,1634
1628,1635
1629,1636
1630,1637
1631,1638
1632,1639
1633,1640
1634,1641
1635,1642
1636,1643
1637,1644
1638,1645
1639,1646
1640,1647
1641,1648
1642,1649
1643,1650
1644,1651
1645,1652
1646,1653
1647,1654
1648,1655
1649,1656
1650,1657
1651,1658
1652,1659
1653,1660
1654,1661
1655,1662
1656,1663
1657,1664
1658,1665
1659,1666
1660,1667
1661,1668
1662,1669
1663,1670
1664,1671
1665,1672
1666,1673
1667,1674
1668,1675
1669,1676
1670,1677
1671,1678
1672,1679
1673,1680
1674,1681
1675,1682
1676,1683
1677,1684
1678,1685
1679,1686
1680,1687
1681,1688
1682,1689
1683,1690
1684,1691
1685,1692
1686,1693
1687,1694
1688,1695
1689,1696
1690,1697
1691,1698
1692,1699
1693,1700
1694,1701
1695,1702
1696,1703
1697,1704
1698,1705
1699,1706
1700,1707
1701,1708
1702,1709
1703,1710
1704,1711
1705,1712
1706,1713
1707,1714
1708,1715
1709,1716
1710,1717
1711,1718
1712,1719
1713,1720
1714,1721
1715,1722
1716,1723
1717,1724
1718,1725
1719,1726
1720,1727
1721,1728
1722,1729
1723,1730
1724,1731
1725,1732
1726,1733
1727,1734
1728,1735
1729,1736
1730,1737
1731,1738
1732,1739
1733,1740
1734,1741
1735,1742
1736,1743
1737,1744
1738,1745
1739,1746
1740,1747
1741,1748
1742,1749
1743,1750
1744,1751
1745,1752
1746,1753
1747,1754
1748,1755
1749,1756
1750,1757
1751,1758
1752,1759
1753,1760
1754,1761
1755,1762
1756,1763
1757,1764
1758,1765
1759,1766
1760,1767
1761,1768
1762,1769
1763,1770
1764,1771
1765,1772
1766,1773
1767,1774
1768,1775
1769,1776
1770,1777
1771,1778
1772,1779
1773,1780
1774,1781
1775,1782
1776,1783
1777,1784
1778,1785
1779,1786
1780,1787
1781,1788
1782,1789
1783,1790
1784,1791
1785,1792
1786,1793
1787,1794
1788,1795
1789,1796
1790,1797
1791,1798
1792,1799
1793,1800
1794,1801
1795,1802
1796,1803
1797,1804
1798,1805
1799,1806
1800,1807
1801,1808
1802,1809
1803,1810
1804,1811
1805,1812
1806,1813
1807,1814
1808,1815
1809,1816
1810,1817
1811,1818
1812,1819
1813,1820
1814,1821
1815,1822
1816,1823
1817,1824
1818,1825
1819,1826
1820,1827
1821,1828
1822,1829
1823,1830
1824,1831
1825,1832
1826,1833
1827,1834
1828,1835
1829,1836
1830,1837
1831,1838
1832,1839
1833,1840
1834,1841
1835,1842
1836,1843
1837,1844
1838,1845
1839,1846
1840,1848
1841,1849
1842,1850
1843,1851
1844,1852
1845,1853
1846,1854
1847,1855
1848,1856
1849,1857
1850,1858
1851,1859
1852,1860
1853,1861
1854,1862
1855,1863
1856,1864
1857,1865
1858,1866
1859,1867
1860,1868
1861,1869
1862,1870
1863,1871
1864,1872
1865,1873
1866,1874
1867,1875
1868,1876
1869,1877
1870,1878
1871,1879
1872,1880
1873,1881
1874,1882
1875,1883
1876,1884
1877,1885
1878,1886
1879,1887
1880,1888
1881,1889
1882,1890
1883,1891
1884,1892
1885,1893
1886,1894
1887,1895
1888,1896
1889,1897
1890,1898
1891,1899
1892,1901
1893,1902
1894,1903
1895,1904
1896,1905
1897,1906
1898,1907
1899,1908
1900,1909
1901,1910
1902,1911
1903,1912
1904,1913
1905,1914
1906,1915
1907,1916
1908,1917
1909,1918
1910,1919
1911,1920
1912,1921
1913,1922
1914,1923
1915,1924
1916,1925
1917,1926
1918,1927
1919,1928
1920,1929
1921,1930
1922,1931
1923,1932
1924,1933
1925,1934
1926,1935
1927,1936
1928,1937
1929,1938
1930,1939
1931,1940
1932,1941
1933,1942
1934,1943
1935,1944
1936,1945
1937,1946
1938,1947
1939,1948
1940,1949
1941,1950
1942,1951
1943,1952
1944,1953
1945,1954
1946,1955
1947,1956
1948,1957
1949,1958
1950,1959
1951,1960
1952,1961
1953,1962
1954,1963
1955,1964
1956,1965
1957,1966
1958,1967
1959,1968
1960,1969
1961,1970
1962,1971
1963,1972
1964,1973
1965,1974
1966,1975
1967,1976
1968,1977
1969,1978
1970,1979
1971,1980
1972,1981
1973,1982
1974,1983
1975,1984
1976,1985
1977,1986
1978,1987
1979,1988
1980,1989
1981,1990
1982,1991
1983,1992
1984,1993
1985,1994
1986,1995
1987,1996
1988,1997
1989,1998
1990,1999
1991,2000
1992,2001
1993,2002
1994,2003
1995,2004
1996,2005
1997,2006
1998,2007
1999,2008
2000,2009
2001,2010
2002,2011
2003,2012
2004,2013
2005,2014
2006,2015
2007,2016
2008,2017
2009,2018
2010,2019
2011,2020
2012,2021
2013,2022
2014,2023
2015,2024
2016,2025
2017,2026
2018,2027
2019,2028
2020,2029
2021,2030
2022,2031
2023,2032
2024,2033
2025,2034
2026,2035
2027,2036
2028,2037
2029,2038
2030,2039
2031,2040
2032,2041
2033,2042
2034,2043
2035,2044
2036,2045
2037,2046
2038,2047
2039,2048
2040,2049
2041,2050
2042,2051
2043,2052
2044,2053
2045,2054
2046,2055
2047,2056
2048,2057
2049,2058
2050,2059
2051,2060
2052,2061
2053,2062
2054,2063
2055,2064
2056,2065
2057,2066
2058,2067
2059,2068
2060,2069
2061,2070
2062,2071
2063,2072
2064,2073
2065,2074
2066,2075
2067,2076
2068,2077
2069,2078
2070,2079
2071,2080
2072,2081
2073,2082
2074,2083
2075,2084
2076,2085
2077,2086
2078,2087
2079,2088
2080,2089
2081,2090
2082,2091
2083,2092
2084,2093
2085,2094
2086,2095
2087,2096
2088,2097
2089,2098
2090,2099
2091,2100
2092,2101
2093,2102
2094,2103
2095,2104
2096,2105
2097,2106
2098,2107
2099,2108
2100,2109
2101,2110
2102,2111
2103,2112
2104,2113
2105,2114
2106,2115
2107,2116
2108,2117
2109,2118
2110,2119
2111,2120
2112,2121
2113,2122
2114,2123
2115,2124
2116,2125
2117,2126
2118,2127
2119,2128
2120,2129
2121,2130
2122,2131
2123,2132
2124,2133
2125,2134
2126,2135
2127,2136
2128,2137
2129,2138
2130,2139
2131,2140
2132,2141
2133,2142
2134,2143
2135,2144
2136,2145
2137,2146
2138,2147
2139,2148
2140,2149
2141,2150
2142,2151
2143,2152
2144,2153
2145,2154
2146,2155
2147,2156
2148,2157
2149,2158
2150,2159
2151,2160
2152,2161
2153,2162
2154,2163
2155,2164
2156,2165
2157,2166
2158,2167
2159,2168
2160,2169
2161,2170
2162,2171
2163,2172
2164,2173
2165,2174
2166,2175
2167,2176
2168,2177
2169,2178
2170,2179
2171,2180
2172,2181
2173,2182
2174,2183
2175,2184
2176,2185
2177,2186
2178,2187
2179,2188
2180,2189
2181,2190
2182,2191
2183,2192
2184,2193
2185,2194
2186,2195
2187,2196
2188,2197
2189,2198
2190,2199
2191,2201
2192,2202
2193,2203
2194,2204
2195,2205
2196,2206
2197,2207
2198,2208
2199,2210
2200,2211
2201,2212
2202,2213
2203,2214
2204,2215
2205,2216
2206,2217
2207,2218
2208,2219
2209,2220
2210,2221
2211,2222
2212,2223
2213,2224
2214,2225
2215,2226
2216,2227
2217,2228
2218,2229
2219,2230
2220,2231
2221,2232
2222,2233
2223,2234
2224,2235
2225,2236
2226,2237
2227,2238
2228,2239
2229,2240
2230,2241
2231,2242
2232,2243
2233,2244
2234,2245
2235,2246
2236,2247
2237,2248
2238,2249
2239,2250
2240,2251
2241,2252
2242,2253
2243,2254
2244,2255
2245,2256
2246,2257
2247,2258
2248,2259
2249,2260
2250,2261
2251,2262
2252,2263
2253,2264
2254,2265
2255,2266
2256,2267
2257,2268
2258,2269
2259,2270
2260,2271
2261,2272
2262,2273
2263,2274
2264,2275
2265,2276
2266,2277
2267,2278
2268,2279
2269,2280
2270,2281
2271,2282
2272,2283
2273,2284
2274,2285
2275,2286
2276,2287
2277,2288
2278,2289
2279,2290
2280,2291
2281,2292
2282,2293
2283,2294
2284,2295
2285,2296
2286,2297
2287,2298
2288,2299
2289,2300
2290,2301
2291,2302
2292,2303
2293,2304
2294,2305
2295,2306
2296,2307
2297,2308
2298,2309
2299,2310
2300,2311
2301,2312
2302,2313
2303,2314
2304,2315
2305,2316
2306,2317
2307,2318
2308,2319
2309,2320
2310,2321
2311,2322
2312,2323
2313,2324
2314,2325
2315,2326
2316,2327
2317,2328
2318,2329
2319,2330
2320,2332
2321,2333
2322,2334
2323,2335
2324,2336
2325,2337
2326,2338
2327,2339
2328,2340
2329,2341
2330,2342
2331,2343
2332,2344
2333,2345
2334,2346
2335,2347
2336,2348
2337,2349
2338,2350
2339,2351
2340,2352
2341,2353
2342,2354
2343,2355
2344,2356
2345,2357
2346,2358
2347,2359
2348,2360
2349,2361
2350,2362
2351,2363
2352,2364
2353,2365
2354,2366
2355,2367
2356,2368
2357,2369
2358,2370
2359,2371
2360,2372
2361,2373
2362,2374
2363,2375
2364,2376
2365,2377
2366,2378
2367,2379
2368,2380
2369,2381
2370,2382
2371,2383
2372,2384
2373,2385
2374,2386
2375,2387
2376,2388
2377,2389
2378,2390
2379,2391
2380,2392
2381,2393
2382,2394
2383,2395
2384,2396
2385,2398
2386,2399
2387,2400
2388,2401
2389,2402
2390,2403
2391,2404
2392,2405
2393,2406
2394,2407
2395,2408
2396,2409
2397,2410
2398,2411
2399,2412
2400,2413
2401,2414
2402,2415
2403,2416
2404,2417
2405,2418
2406,2419
2407,2420
2408,2421
2409,2422
2410,2423
2411,2424
2412,2425
2413,2426
2414,2427
2415,2428
2416,2429
2417,2430
2418,2431
2419,2432
2420,2433
2421,2434
2422,2435
2423,2436
2424,2437
2425,2438
2426,2439
2427,2440
2428,2441
2429,2442
2430,2443
2431,2444
2432,2445
2433,2446
2434,2447
2435,2448
2436,2449
2437,2450
2438,2451
2439,2452
2440,2453
2441,2454
2442,2455
2443,2456
2444,2457
2445,2458
2446,2459
2447,2460
2448,2461
2449,2462
2450,2463
2451,2464
2452,2465
2453,2466
2454,2467
2455,2468
2456,2469
2457,2470
2458,2471
2459,2472
2460,2473
2461,2474
2462,2475
2463,2476
2464,2477
2465,2478
2466,2479
2467,2480
2468,2481
2469,2482
2470,2483
2471,2484
2472,2485
2473,2486
2474,2487
2475,2488
2476,2489
2477,2490
2478,2491
2479,2492
2480,2493
2481,2494
2482,2495
2483,2496
2484,2497
2485,2498
2486,2499
2487,2500
2488,2501
2489,2502
2490,2503
2491,2504
2492,2505
2493,2506
2494,2507
2495,2508
2496,2509
2497,2510
2498,2511
2499,2512
2500,2513
2501,2514
2502,2515
2503,2516
2504,2517
2505,2518
2506,2519
2507,2520
2508,2521
2509,2522
2510,2523
2511,2524
2512,2525
2513,2526
2514,2527
2515,2528
2516,2529
2517,2530
2518,2531
2519,2532
2520,2533
2521,2534
2522,2535
2523,2536
2524,2537
2525,2538
2526,2539
2527,2540
2528,2541
2529,2542
2530,2544
2531,2545
2532,2546
2533,2547
2534,2548
2535,2549
2536,2550
2537,2551
2538,2552
2539,2553
2540,2554
2541,2555
2542,2556
2543,2557
2544,2558
2545,2559
2546,2560
2547,2561
2548,2562
2549,2563
2550,2564
2551,2565
2552,2566
2553,2567
2554,2568
2555,2569
2556,2570
2557,2571
2558,2572
2559,2573
2560,2574
2561,2575
2562,2576
2563,2577
2564,2578
2565,2579
2566,2580
2567,2581
2568,2582
2569,2583
2570,2584
2571,2585
2572,2586
2573,2587
2574,2588
2575,2589
2576,2590
2577,2591
2578,2592
2579,2593
2580,2594
2581,2595
2582,2596
2583,2597
2584,2598
2585,2599
2586,2600
2587,2601
2588,2602
2589,2603
2590,2604
2591,2605
2592,2606
2593,2607
2594,2608
2595,2609
2596,2610
2597,2611
2598,2612
2599,2613
2600,2614
2601,2615
2602,2616
2603,2617
2604,2618
2605,2620
2606,2621
2607,2622
2608,2623
2609,2624
2610,2625
2611,2626
2612,2627
2613,2628
2614,2629
2615,2630
2616,2631
2617,2632
2618,2633
2619,2634
2620,2635
2621,2636
2622,2637
2623,2638
2624,2639
2625,2640
2626,2641
2627,2642
2628,2643
2629,2644
2630,2645
2631,2646
2632,2647
2633,2648
2634,2649
2635,2650
2636,2651
2637,2652
2638,2653
2639,2654
2640,2655
2641,2656
2642,2657
2643,2658
2644,2659
2645,2661
2646,2662
2647,2663
2648,2664
2649,2665
2650,2666
2651,2667
2652,2668
2653,2669
2654,2670
2655,2671
2656,2672
2657,2673
2658,2674
2659,2675
2660,2676
2661,2677
2662,2678
2663,2679
2664,2680
2665,2681
2666,2682
2667,2683
2668,2684
2669,2685
2670,2686
2671,2687
2672,2688
2673,2689
2674,2690
2675,2691
2676,2692
2677,2693
2678,2694
2679,2695
2680,2696
2681,2697
2682,2698
2683,2699
2684,2700
2685,2701
2686,2702
2687,2703
2688,2704
2689,2705
2690,2706
2691,2707
2692,2708
2693,2709
2694,2710
2695,2711
2696,2712
2697,2713
2698,2714
2699,2715
2700,2716
2701,2717
2702,2718
2703,2719
2704,2720
2705,2721
2706,2722
2707,2723
2708,2724
2709,2725
2710,2726
2711,2727
2712,2728
2713,2729
2714,2730
2715,2731
2716,2732
2717,2733
2718,2734
2719,2735
2720,2736
2721,2737
2722,2738
2723,2739
2724,2740
2725,2741
2726,2742
2727,2744
2728,2745
2729,2746
2730,2747
2731,2748
2732,2749
2733,2750
2734,2751
2735,2752
2736,2753
2737,2754
2738,2755
2739,2756
2740,2757
2741,2758
2742,2759
2743,2760
2744,2761
2745,2762
2746,2763
2747,2764
2748,2765
2749,2766
2750,2767
2751,2768
2752,2769
2753,2770
2754,2771
2755,2772
2756,2773
2757,2774
2758,2775
2759,2776
2760,2777
2761,2778
2762,2779
2763,2780
2764,2781
2765,2782
2766,2783
2767,2784
2768,2785
2769,2786
2770,2787
2771,2788
2772,2789
2773,2790
2774,2791
2775,2792
2776,2793
2777,2794
2778,2795
2779,2796
2780,2797
2781,2798
2782,2799
2783,2800
2784,2801
2785,2802
2786,2803
2787,2804
2788,2805
2789,2806
2790,2807
2791,2808
2792,2809
2793,2810
2794,2811
2795,2812
2796,2813
2797,2814
2798,2815
2799,2816
2800,2817
2801,2818
2802,2819
2803,2820
2804,2821
2805,2822
2806,2823
2807,2824
2808,2825
2809,2826
2810,2827
2811,2828
2812,2829
2813,2830
2814,2831
2815,2832
2816,2833
2817,2834
2818,2835
2819,2836
2820,2837
2821,2838
2822,2839
2823,2840
2824,2841
2825,2842
2826,2843
2827,2844
2828,2845
2829,2846
2830,2847
2831,2848
2832,2849
2833,2850
2834,2851
2835,2852
2836,2853
2837,2854
2838,2855
2839,2857
2840,2858
2841,2859
2842,2860
2843,2861
2844,2862
2845,2863
2846,2864
2847,2865
2848,2866
2849,2867
2850,2868
2851,2869
2852,2870
2853,2871
2854,2872
2855,2873
2856,2874
2857,2875
2858,2876
2859,2877
2860,2878
2861,2879
2862,2880
2863,2881
2864,2882
2865,2883
2866,2884
2867,2885
2868,2886
2869,2887
2870,2888
2871,2889
2872,2890
2873,2891
2874,2892
2875,2893
2876,2894
2877,2895
2878,2896
2879,2897
2880,2898
2881,2899
2882,2900
2883,2901
2884,2902
2885,2903
2886,2904
2887,2905
2888,2906
2889,2907
2890,2908
2891,2909
2892,2910
2893,2911
2894,2912
2895,2913
2896,2914
2897,2915
2898,2916
2899,2917
2900,2918
2901,2919
2902,2920
2903,2921
2904,2922
2905,2923
2906,2924
2907,2925
2908,2926
2909,2927
2910,2928
2911,2929
2912,2930
2913,2931
2914,2932
2915,2933
2916,2934
2917,2935
2918,2936
2919,2937
2920,2938
2921,2939
2922,2940
2923,2941
2924,2942
2925,2943
2926,2944
2927,2945
2928,2946
2929,2947
2930,2948
2931,2949
2932,2950
2933,2951
2934,2952
2935,2953
2936,2954
2937,2955
2938,2956
2939,2957
2940,2958
2941,2959
2942,2960
2943,2961
2944,2962
2945,2963
2946,2964
2947,2965
2948,2966
2949,2967
2950,2968
2951,2969
2952,2970
2953,2971
2954,2972
2955,2973
2956,2974
2957,2975
2958,2976
2959,2977
2960,2978
2961,2979
2962,2980
2963,2981
2964,2982
2965,2983
2966,2984
2967,2985
2968,2986
2969,2987
2970,2988
2971,2989
2972,2990
2973,2991
2974,2992
2975,2993
2976,2994
2977,2995
2978,2996
2979,2997
2980,2998
2981,2999
2982,3000
2983,3001
2984,3002
2985,3003
2986,3004
2987,3005
2988,3006
2989,3007
2990,3008
2991,3009
2992,3010
2993,3011
2994,3012
2995,3013
2996,3014
2997,3015
2998,3016
2999,3017
3000,3018
3001,3019
3002,3020
3003,3021
3004,3022
3005,3023
3006,3024
3007,3025
3008,3026
3009,3027
3010,3028
3011,3029
3012,3030
3013,3031
3014,3032
3015,3033
3016,3034
3017,3035
3018,3036
3019,3037
3020,3038
3021,3039
3022,3040
3023,3041
3024,3042
3025,3043
3026,3044
3027,3045
3028,3046
3029,3047
3030,3048
3031,3049
3032,3050
3033,3051
3034,3052
3035,3053
3036,3054
3037,3055
3038,3056
3039,3057
3040,3058
3041,3059
3042,3060
3043,3061
3044,3062
3045,3063
3046,3064
3047,3065
3048,3066
3049,3067
3050,3069
3051,3070
3052,3071
3053,3072
3054,3073
3055,3074
3056,3075
3057,3076
3058,3077
3059,3078
3060,3079
3061,3080
3062,3081
3063,3082
3064,3083
3065,3084
3066,3085
3067,3086
3068,3087
3069,3088
3070,3089
3071,3090
3072,3092
3073,3093
3074,3094
3075,3095
3076,3096
3077,3097
3078,3098
3079,3099
3080,3100
3081,3101
3082,3102
3083,3103
3084,3104
3085,3105
3086,3106
3087,3107
3088,3108
3089,3109
3090,3110
3091,3111
3092,3112
3093,3113
3094,3114
3095,3115
3096,3116
3097,3117
3098,3118
3099,3119
3100,3120
3101,3121
3102,3122
3103,3123
3104,3124
3105,3125
3106,3126
3107,3127
3108,3128
3109,3129
3110,3130
3111,3131
3112,3132
3113,3133
3114,3134
3115,3135
3116,3136
3117,3137
3118,3138
3119,3139
3120,3140
3121,3141
3122,3142
3123,3143
3124,3144
3125,3145
3126,3146
3127,3147
3128,3148
3129,3149
3130,3150
3131,3151
3132,3152
3133,3153
3134,3154
3135,3155
3136,3156
3137,3157
3138,3158
3139,3159
3140,3160
3141,3161
3142,3162
3143,3163
3144,3164
3145,3165
3146,3166
3147,3167
3148,3168
3149,3169
3150,3170
3151,3171
3152,3172
3153,3173
3154,3174
3155,3175
3156,3176
3157,3177
3158,3178
3159,3179
3160,3180
3161,3181
3162,3182
3163,3183
3164,3184
3165,3185
3166,3186
3167,3187
3168,3188
3169,3189
3170,3190
3171,3191
3172,3192
3173,3193
3174,3194
3175,3195
3176,3196
3177,3197
3178,3198
3179,3199
3180,3200
3181,3201
3182,3202
3183,3203
3184,3204
3185,3205
3186,3206
3187,3207
3188,3208
3189,3209
3190,3210
3191,3211
3192,3212
3193,3213
3194,3214
3195,3215
3196,3216
3197,3217
3198,3218
3199,3219
3200,3220
3201,3221
3202,3222
3203,3223
3204,3224
3205,3225
3206,3226
3207,3227
3208,3228
3209,3229
3210,3230
3211,3231
3212,3232
3213,3233
3214,3234
3215,3235
3216,3236
3217,3237
3218,3238
3219,3239
3220,3240
3221,3241
3222,3242
3223,3243
3224,3244
3225,3245
3226,3246
3227,3247
3228,3248
3229,3249
3230,3250
3231,3251
3232,3252
3233,3253
3234,3254
3235,3255
3236,3256
3237,3257
3238,3258
3239,3259
3240,3260
3241,3261
3242,3262
3243,3263
3244,3264
3245,3265
3246,3266
3247,3267
3248,3268
3249,3269
3250,3270
3251,3271
3252,3272
3253,3273
3254,3274
3255,3275
3256,3276
3257,3277
3258,3278
3259,3279
3260,3280
3261,3281
3262,3282
3263,3283
3264,3284
3265,3285
3266,3286
3267,3287
3268,3288
3269,3289
3270,3290
3271,3291
3272,3292
3273,3293
3274,3294
3275,3295
3276,3296
3277,3297
3278,3298
3279,3299
3280,3300
3281,3301
3282,3302
3283,3303
3284,3304
3285,3305
3286,3306
3287,3307
3288,3308
3289,3309
3290,3310
3291,3311
3292,3312
3293,3313
3294,3314
3295,3315
3296,3316
3297,3317
3298,3318
3299,3319
3300,3320
3301,3321
3302,3322
3303,3323
3304,3324
3305,3325
3306,3326
3307,3327
3308,3328
3309,3329
3310,3330
3311,3331
3312,3332
3313,3333
3314,3334
3315,3335
3316,3336
3317,3337
3318,3338
3319,3339
3320,3340
3321,3341
3322,3342
3323,3343
3324,3344
3325,3345
3326,3346
3327,3347
3328,3348
3329,3349
3330,3350
3331,3351
3332,3352
3333,3353
3334,3354
3335,3355
3336,3356
3337,3357
3338,3358
3339,3359
3340,3360
3341,3361
3342,3362
3343,3363
3344,3364
3345,3365
3346,3366
3347,3367
3348,3368
3349,3369
3350,3370
3351,3371
3352,3372
3353,3373
3354,3374
3355,3375
3356,3376
3357,3377
3358,3378
3359,3379
3360,3380
3361,3381
3362,3382
3363,3383
3364,3384
3365,3385
3366,3386
3367,3387
3368,3388
3369,3389
3370,3390
3371,3391
3372,3392
3373,3393
3374,3394
3375,3395
3376,3396
3377,3397
3378,3398
3379,3399
3380,3400
3381,3401
3382,3402
3383,3403
3384,3404
3385,3405
3386,3406
3387,3407
3388,3408
3389,3409
3390,3410
3391,3411
3392,3412
3393,3413
3394,3414
3395,3415
3396,3416
3397,3417
3398,3418
3399,3419
3400,3420
3401,3421
3402,3422
3403,3423
3404,3424
3405,3425
3406,3426
3407,3427
3408,3428
3409,3429
3410,3430
3411,3431
3412,3432
3413,3433
3414,3434
3415,3435
3416,3436
3417,3437
3418,3438
3419,3439
3420,3440
3421,3441
3422,3442
3423,3443
3424,3444
3425,3445
3426,3446
3427,3447
3428,3448
3429,3449
3430,3450
3431,3451
3432,3452
3433,3453
3434,3454
3435,3455
3436,3456
3437,3457
3438,3458
3439,3459
3440,3460
3441,3461
3442,3462
3443,3463
3444,3464
3445,3465
3446,3466
3447,3467
3448,3468
3449,3469
3450,3470
3451,3471
3452,3472
3453,3473
3454,3474
3455,3475
3456,3476
3457,3477
3458,3478
3459,3479
3460,3480
3461,3481
3462,3482
3463,3483
3464,3484
3465,3485
3466,3486
3467,3487
3468,3488
3469,3489
3470,3490
3471,3491
3472,3492
3473,3493
3474,3494
3475,3495
3476,3496
3477,3497
3478,3498
3479,3499
3480,3500
3481,3501
3482,3502
3483,3503
3484,3504
3485,3505
3486,3506
3487,3507
3488,3508
3489,3509
3490,3510
3491,3511
3492,3512
3493,3513
3494,3514
3495,3515
3496,3516
3497,3517
3498,3518
3499,3519
3500,3520
3501,3521
3502,3522
3503,3523
3504,3524
3505,3525
3506,3526
3507,3527
3508,3528
3509,3529
3510,3530
3511,3531
3512,3532
3513,3533
3514,3534
3515,3535
3516,3536
3517,3537
3518,3538
3519,3539
3520,3540
3521,3541
3522,3542
3523,3543
3524,3544
3525,3546
3526,3547
3527,3548
3528,3549
3529,3550
3530,3551
3531,3552
3532,3553
3533,3554
3534,3555
3535,3556
3536,3558
3537,3559
3538,3560
3539,3561
3540,3562
3541,3563
3542,3564
3543,3565
3544,3566
3545,3567
3546,3568
3547,3569
3548,3570
3549,3571
3550,3572
3551,3573
3552,3574
3553,3575
3554,3576
3555,3577
3556,3578
3557,3579
3558,3580
3559,3581
3560,3582
3561,3583
3562,3584
3563,3585
3564,3586
3565,3587
3566,3588
3567,3589
3568,3590
3569,3591
3570,3592
3571,3593
3572,3594
3573,3595
3574,3596
3575,3597
3576,3598
3577,3599
3578,3600
3579,3601
3580,3602
3581,3603
3582,3604
3583,3605
3584,3606
3585,3607
3586,3608
3587,3609
3588,3610
3589,3611
3590,3612
3591,3613
3592,3614
3593,3615
3594,3616
3595,3617
3596,3618
3597,3619
3598,3620
3599,3621
3600,3622
3601,3623
3602,3624
3603,3625
3604,3626
3605,3627
3606,3628
3607,3629
3608,3630
3609,3631
3610,3632
3611,3633
3612,3634
3613,3635
3614,3636
3615,3637
3616,3638
3617,3639
3618,3640
3619,3641
3620,3642
3621,3643
3622,3644
3623,3645
3624,3646
3625,3647
3626,3648
3627,3649
3628,3650
3629,3651
3630,3652
3631,3653
3632,3654
3633,3655
3634,3656
3635,3657
3636,3658
3637,3659
3638,3660
3639,3661
3640,3662
3641,3663
3642,3664
3643,3665
3644,3666
3645,3667
3646,3668
3647,3669
3648,3670
3649,3671
3650,3672
3651,3673
3652,3674
3653,3675
3654,3676
3655,3677
3656,3678
3657,3679
3658,3680
3659,3681
3660,3682
3661,3683
3662,3684
3663,3685
3664,3686
3665,3687
3666,3688
3667,3689
3668,3690
3669,3691
3670,3692
3671,3693
3672,3694
3673,3695
3674,3696
3675,3697
3676,3698
3677,3699
3678,3700
3679,3701
3680,3702
3681,3703
3682,3704
3683,3705
3684,3706
3685,3707
3686,3708
3687,3709
3688,3710
3689,3711
3690,3712
3691,3713
3692,3714
3693,3715
3694,3716
3695,3717
3696,3718
3697,3719
3698,3720
3699,3721
3700,3722
3701,3723
3702,3724
3703,3725
3704,3726
3705,3728
3706,3729
3707,3730
3708,3731
3709,3732
3710,3733
3711,3734
3712,3735
3713,3736
3714,3737
3715,3738
3716,3739
3717,3740
3718,3741
3719,3742
3720,3743
3721,3744
3722,3745
3723,3746
3724,3747
3725,3748
3726,3749
3727,3750
3728,3751
3729,3752
3730,3753
3731,3754
3732,3755
3733,3756
3734,3757
3735,3758
3736,3759
3737,3760
3738,3761
3739,3762
3740,3763
3741,3764
3742,3765
3743,3766
3744,3767
3745,3768
3746,3769
3747,3770
3748,3771
3749,3772
3750,3773
3751,3774
3752,3775
3753,3776
3754,3777
3755,3778
3756,3779
3757,3780
3758,3781
3759,3782
3760,3783
3761,3784
3762,3785
3763,3786
3764,3787
3765,3788
3766,3789
3767,3790
3768,3791
3769,3792
3770,3793
3771,3794
3772,3795
3773,3796
3774,3797
3775,3798
3776,3799
3777,3800
3778,3801
3779,3802
3780,3803
3781,3804
3782,3805
3783,3806
3784,3807
3785,3808
3786,3809
3787,3810
3788,3811
3789,3812
3790,3813
3791,3814
3792,3815
3793,3816
3794,3817
3795,3818
3796,3819
3797,3820
3798,3821
3799,3822
3800,3823
3801,3824
3802,3825
3803,3826
3804,3827
3805,3828
3806,3829
3807,3830
3808,3831
3809,3832
3810,3833
3811,3834
3812,3835
3813,3836
3814,3837
3815,3838
3816,3839
3817,3840
3818,3841
3819,3842
3820,3843
3821,3844
3822,3845
3823,3846
3824,3847
3825,3848
3826,3849
3827,3850
3828,3851
3829,3852
3830,3853
3831,3854
3832,3855
3833,3856
3834,3857
3835,3858
3836,3859
3837,3860
3838,3861
3839,3862
3840,3863
3841,3864
3842,3865
3843,3866
3844,3867
3845,3868
3846,3869
3847,3870
3848,3871
3849,3872
3850,3873
3851,3874
3852,3875
3853,3876
3854,3877
3855,3878
3856,3879
3857,3880
3858,3881
3859,3882
3860,3883
3861,3884
3862,3885
3863,3886
3864,3887
3865,3888
3866,3889
3867,3890
3868,3891
3869,3892
3870,3893
3871,3894
3872,3895
3873,3896
3874,3897
3875,3898
3876,3899
3877,3900
3878,3901
3879,3902
3880,3903
3881,3904
3882,3905
3883,3906
3884,3907
3885,3908
3886,3909
3887,3910
3888,3911
3889,3912
3890,3913
3891,3914
3892,3915
3893,3916
3894,3917
3895,3918
3896,3919
3897,3920
3898,3921
3899,3922
3900,3923
3901,3924
3902,3925
3903,3926
3904,3927
3905,3928
3906,3929
3907,3930
3908,3931
3909,3933
3910,3934
3911,3935
3912,3936
3913,3937
3914,3938
3915,3939
3916,3940
3917,3941
3918,3942
3919,3943
3920,3944
3921,3945
3922,3946
3923,3947
3924,3948
3925,3949
3926,3950
3927,3951
3928,3952
3929,3953
3930,3954
3931,3955
3932,3956
3933,3957
3934,3958
3935,3959
3936,3960
3937,3961
3938,3962
3939,3963
3940,3964
3941,3965
3942,3966
3943,3967
3944,3968
3945,3969
3946,3970
3947,3971
3948,3972
3949,3973
3950,3974
3951,3975
3952,3976
3953,3977
3954,3978
3955,3979
3956,3980
3957,3981
3958,3982
3959,3983
3960,3984
3961,3985
3962,3986
3963,3987
3964,3988
3965,3989
3966,3990
3967,3991
3968,3992
3969,3993
3970,3994
3971,3995
3972,3996
3973,3997
3974,3998
3975,3999
3976,4000
3977,4001
3978,4002
3979,4003
3980,4004
3981,4005
3982,4006
3983,4007
3984,4008
3985,4009
3986,4010
3987,4011
3988,4012
3989,4013
3990,4014
3991,4015
3992,4016
3993,4017
3994,4018
3995,4019
3996,4020
3997,4021
3998,4022
3999,4023
4000,4024
4001,4025
4002,4026
4003,4027
4004,4028
4005,4029
4006,4030
4007,4031
4008,4032
4009,4033
4010,4034
4011,4035
4012,4036
4013,4037
4014,4038
4015,4039
4016,4040
4017,4041
4018,4042
4019,4043
4020,4044
4021,4045
4022,4046
4023,4047
4024,4048
4025,4049
4026,4050
4027,4051
4028,4052
4029,4053
4030,4054
4031,4055
4032,4056
4033,4057
4034,4058
4035,4059
4036,4060
4037,4061
4038,4062
4039,4063
4040,4064
4041,4065
4042,4066
4043,4067
4044,4068
4045,4069
4046,4070
4047,4071
4048,4072
4049,4073
4050,4074
4051,4075
4052,4076
4053,4077
4054,4078
4055,4079
4056,4080
4057,4081
4058,4082
4059,4083
4060,4084
4061,4085
4062,4086
4063,4087
4064,4088
4065,4089
4066,4090
4067,4091
4068,4092
4069,4093
4070,4094
4071,4095
4072,4096
4073,4097
4074,4098
4075,4099
4076,4100
4077,4101
4078,4102
4079,4103
4080,4104
4081,4105
4082,4106
4083,4107
4084,4108
4085,4109
4086,4110
4087,4111
4088,4112
4089,4113
4090,4114
4091,4115
4092,4116
4093,4117
4094,4118
4095,4119
4096,4120
4097,4121
4098,4122
4099,4123
4100,4124
4101,4125
4102,4126
4103,4127
4104,4128
4105,4129
4106,4130
4107,4131
4108,4132
4109,4133
4110,4134
4111,4135
4112,4136
4113,4137
4114,4138
4115,4139
4116,4140
4117,4141
4118,4142
4119,4143
4120,4144
4121,4145
4122,4146
4123,4147
4124,4148
4125,4149
4126,4150
4127,4151
4128,4152
4129,4153
4130,4154
4131,4155
4132,4156
4133,4157
4134,4158
4135,4159
4136,4160
4137,4161
4138,4162
4139,4163
4140,4164
4141,4165
4142,4166
4143,4167
4144,4168
4145,4169
4146,4170
4147,4171
4148,4172
4149,4173
4150,4174
4151,4175
4152,4176
4153,4177
4154,4178
4155,4179
4156,4180
4157,4181
4158,4182
4159,4183
4160,4184
4161,4185
4162,4186
4163,4187
4164,4188
4165,4189
4166,4190
4167,4191
4168,4192
4169,4193
4170,4194
4171,4195
4172,4196
4173,4197
4174,4198
4175,4199
4176,4200
4177,4201
4178,4202
4179,4203
4180,4204
4181,4205
4182,4206
4183,4207
4184,4208
4185,4209
4186,4210
4187,4211
4188,4212
4189,4213
4190,4214
4191,4215
4192,4216
4193,4217
4194,4218
4195,4219
4196,4220
4197,4221
4198,4222
4199,4223
4200,4224
4201,4225
4202,4226
4203,4227
4204,4228
4205,4229
4206,4230
4207,4231
4208,4232
4209,4233
4210,4234
4211,4235
4212,4236
4213,4237
4214,4238
4215,4239
4216,4240
4217,4241
4218,4242
4219,4243
4220,4244
4221,4245
4222,4246
4223,4247
4224,4248
4225,4249
4226,4250
4227,4251
4228,4252
4229,4253
4230,4254
4231,4255
4232,4256
4233,4257
4234,4258
4235,4259
4236,4260
4237,4261
4238,4262
4239,4263
4240,4264
4241,4265
4242,4266
4243,4267
4244,4268
4245,4269
4246,4270
4247,4271
4248,4272
4249,4273
4250,4274
4251,4275
4252,4276
4253,4277
4254,4278
4255,4279
4256,4280
4257,4281
4258,4282
4259,4283
4260,4284
4261,4285
4262,4286
4263,4287
4264,4288
4265,4289
4266,4290
4267,4291
4268,4292
4269,4293
4270,4294
4271,4295
4272,4296
4273,4297
4274,4298
4275,4299
4276,4300
4277,4301
4278,4302
4279,4303
4280,4304
4281,4305
4282,4306
4283,4307
4284,4308
4285,4309
4286,4310
4287,4311
4288,4312
4289,4313
4290,4314
4291,4315
4292,4316
4293,4317
4294,4318
4295,4319
4296,4320
4297,4321
4298,4322
4299,4323
4300,4324
4301,4325
4302,4326
4303,4327
4304,4328
4305,4329
4306,4330
4307,4331
4308,4332
4309,4333
4310,4334
4311,4335
4312,4336
4313,4337
4314,4338
4315,4339
4316,4340
4317,4341
4318,4342
4319,4343
4320,4344
4321,4345
4322,4346
4323,4347
4324,4348
4325,4349
4326,4350
4327,4351
4328,4352
4329,4353
4330,4354
4331,4355
4332,4356
4333,4357
4334,4358
4335,4359
4336,4360
4337,4361
4338,4362
4339,4363
4340,4364
4341,4365
4342,4366
4343,4367
4344,4368
4345,4369
4346,4370
4347,4371
4348,4372
4349,4373
4350,4374
4351,4375
4352,4376
4353,4377
4354,4378
4355,4379
4356,4380
4357,4381
4358,4382
4359,4383
4360,4384
4361,4385
4362,4386
4363,4387
4364,4388
4365,4389
4366,4390
4367,4391
4368,4392
4369,4393
4370,4394
4371,4395
4372,4396
4373,4397
4374,4398
4375,4399
4376,4400
4377,4401
4378,4402
4379,4403
4380,4404
4381,4405
4382,4406
4383,4407
4384,4408
4385,4409
4386,4410
4387,4411
4388,4412
4389,4413
4390,4414
4391,4415
4392,4416
4393,4417
4394,4418
4395,4419
4396,4420
4397,4421
4398,4422
4399,4423
4400,4424
4401,4425
4402,4426
4403,4427
4404,4428
4405,4429
4406,4430
4407,4431
4408,4432
4409,4433
4410,4434
4411,4435
4412,4436
4413,4437
4414,4438
4415,4439
4416,4440
4417,4441
4418,4442
4419,4443
4420,4444
4421,4445
4422,4446
4423,4447
4424,4448
4425,4449
4426,4450
4427,4451
4428,4452
4429,4453
4430,4454
4431,4455
4432,4456
4433,4457
4434,4458
4435,4459
4436,4460
4437,4461
4438,4462
4439,4463
4440,4464
4441,4465
4442,4466
4443,4467
4444,4468
4445,4469
4446,4470
4447,4471
4448,4472
4449,4473
4450,4474
4451,4475
4452,4476
4453,4477
4454,4478
4455,4479
4456,4480
4457,4481
4458,4482
4459,4483
4460,4484
4461,4485
4462,4486
4463,4487
4464,4488
4465,4489
4466,4490
4467,4491
4468,4492
4469,4493
4470,4494
4471,4495
4472,4496
4473,4497
4474,4498
4475,4499
4476,4500
4477,4501
4478,4502
4479,4503
4480,4504
4481,4505
4482,4506
4483,4507
4484,4508
4485,4509
4486,4510
4487,4511
4488,4512
4489,4513
4490,4514
4491,4515
4492,4516
4493,4517
4494,4518
4495,4519
4496,4520
4497,4521
4498,4522
4499,4523
4500,4524
4501,4525
4502,4526
4503,4527
4504,4528
4505,4529
4506,4530
4507,4531
4508,4532
4509,4533
4510,4534
4511,4535
4512,4536
4513,4537
4514,4538
4515,4539
4516,4540
4517,4541
4518,4542
4519,4543
4520,4544
4521,4545
4522,4546
4523,4547
4524,4548
4525,4549
4526,4550
4527,4551
4528,4552
4529,4554
4530,4555
4531,4556
4532,4557
4533,4558
4534,4559
4535,4560
4536,4561
4537,4562
4538,4563
4539,4564
4540,4565
4541,4566
4542,4567
4543,4568
4544,4569
4545,4570
4546,4571
4547,4572
4548,4573
4549,4574
4550,4575
4551,4576
4552,4577
4553,4578
4554,4579
4555,4580
4556,4581
4557,4582
4558,4583
4559,4584
4560,4585
4561,4586
4562,4587
4563,4588
4564,4589
4565,4590
4566,4591
4567,4592
4568,4593
4569,4594
4570,4595
4571,4596
4572,4597
4573,4598
4574,4599
4575,4600
4576,4601
4577,4602
4578,4603
4579,4604
4580,4605
4581,4606
4582,4607
4583,4608
4584,4609
4585,4610
4586,4611
4587,4612
4588,4613
4589,4614
4590,4616
4591,4617
4592,4618
4593,4619
4594,4620
4595,4621
4596,4622
4597,4623
4598,4624
4599,4625
4600,4626
4601,4627
4602,4628
4603,4629
4604,4630
4605,4631
4606,4632
4607,4633
4608,4634
4609,4635
4610,4636
4611,4637
4612,4638
4613,4639
4614,4640
4615,4641
4616,4642
4617,4643
4618,4644
4619,4645
4620,4646
4621,4647
4622,4648
4623,4649
4624,4650
4625,4651
4626,4652
4627,4653
4628,4654
4629,4655
4630,4656
4631,4657
4632,4658
4633,4659
4634,4660
4635,4661
4636,4662
4637,4663
4638,4664
4639,4665
4640,4666
4641,4667
4642,4668
4643,4669
4644,4670
4645,4671
4646,4672
4647,4673
4648,4674
4649,4675
4650,4676
4651,4677
4652,4678
4653,4679
4654,4680
4655,4681
4656,4682
4657,4683
4658,4684
4659,4685
4660,4686
4661,4688
4662,4689
4663,4690
4664,4691
4665,4692
4666,4693
4667,4694
4668,4695
4669,4696
4670,4697
4671,4698
4672,4699
4673,4700
4674,4701
4675,4702
4676,4703
4677,4704
4678,4705
4679,4706
4680,4707
4681,4708
4682,4710
4683,4711
4684,4712
4685,4713
4686,4714
4687,4715
4688,4716
4689,4717
4690,4718
4691,4719
4692,4720
4693,4721
4694,4722
4695,4723
4696,4724
4697,4725
4698,4726
4699,4727
4700,4728
4701,4729
4702,4730
4703,4731
4704,4732
4705,4733
4706,4734
4707,4735
4708,4736
4709,4737
4710,4738
4711,4739
4712,4740
4713,4741
4714,4742
4715,4743
4716,4744
4717,4745
4718,4746
4719,4747
4720,4748
4721,4749
4722,4750
4723,4751
4724,4752
4725,4753
4726,4754
4727,4755
4728,4756
4729,4757
4730,4758
4731,4759
4732,4760
4733,4761
4734,4762
4735,4763
4736,4764
4737,4765
4738,4766
4739,4767
4740,4768
4741,4769
4742,4770
4743,4771
4744,4772
4745,4773
4746,4774
4747,4775
4748,4776
4749,4777
4750,4778
4751,4779
4752,4780
4753,4781
4754,4782
4755,4783
4756,4784
4757,4785
4758,4786
4759,4787
4760,4788
4761,4789
4762,4790
4763,4791
4764,4792
4765,4793
4766,4794
4767,4795
4768,4796
4769,4797
4770,4798
4771,4799
4772,4800
4773,4801
4774,4802
4775,4803
4776,4804
4777,4805
4778,4806
4779,4807
4780,4808
4781,4809
4782,4810
4783,4811
4784,4812
4785,4813
4786,4814
4787,4815
4788,4816
4789,4817
4790,4818
4791,4819
4792,4820
4793,4821
4794,4822
4795,4823
4796,4824
4797,4825
4798,4826
4799,4827
4800,4828
4801,4829
4802,4830
4803,4831
4804,4832
4805,4833
4806,4834
4807,4835
4808,4836
4809,4837
4810,4838
4811,4839
4812,4840
4813,4841
4814,4842
4815,4843
4816,4844
4817,4845
4818,4846
4819,4847
4820,4848
4821,4849
4822,4850
4823,4851
4824,4852
4825,4853
4826,4854
4827,4855
4828,4856
4829,4857
4830,4858
4831,4859
4832,4860
4833,4861
4834,4862
4835,4863
4836,4864
4837,4865
4838,4866
4839,4867
4840,4868
4841,4869
4842,4870
4843,4871
4844,4872
4845,4873
4846,4874
4847,4875
4848,4876
4849,4877
4850,4878
4851,4879
4852,4880
4853,4881
4854,4882
4855,4883
4856,4884
4857,4885
4858,4886
4859,4887
4860,4888
4861,4889
4862,4890
4863,4891
4864,4892
4865,4893
4866,4894
4867,4895
4868,4896
4869,4897
4870,4898
4871,4899
4872,4900
4873,4901
4874,4902
4875,4903
4876,4904
4877,4905
4878,4906
4879,4907
4880,4908
4881,4909
4882,4910
4883,4911
4884,4912
4885,4913
4886,4914
4887,4915
4888,4916
4889,4917
4890,4918
4891,4919
4892,4920
4893,4921
4894,4922
4895,4923
4896,4924
4897,4925
4898,4926
4899,4927
4900,4928
4901,4929
4902,4930
4903,4931
4904,4932
4905,4933
4906,4934
4907,4935
4908,4936
4909,4937
4910,4938
4911,4939
4912,4940
4913,4941
4914,4942
4915,4943
4916,4944
4917,4945
4918,4946
4919,4947
4920,4948
4921,4949
4922,4950
4923,4951
4924,4953
4925,4954
4926,4955
4927,4956
4928,4957
4929,4958
4930,4959
4931,4960
4932,4961
4933,4962
4934,4963
4935,4964
4936,4965
4937,4966
4938,4967
4939,4968
4940,4969
4941,4970
4942,4971
4943,4972
4944,4973
4945,4974
4946,4975
4947,4976
4948,4977
4949,4978
4950,4979
4951,4980
4952,4981
4953,4982
4954,4983
4955,4984
4956,4985
4957,4986
4958,4987
4959,4988
4960,4989
4961,4990
4962,4991
4963,4992
4964,4993
4965,4994
4966,4995
4967,4996
4968,4997
4969,4998
4970,4999
4971,5000
4972,5001
4973,5002
4974,5003
4975,5004
4976,5005
4977,5006
4978,5007
4979,5008
4980,5009
4981,5010
4982,5011
4983,5012
4984,5013
4985,5014
4986,5015
4987,5016
4988,5017
4989,5018
4990,5019
4991,5020
4992,5021
4993,5022
4994,5023
4995,5024
4996,5025
4997,5026
4998,5027
4999,5028
5000,5029
5001,5030
5002,5031
5003,5032
5004,5033
5005,5034
5006,5035
5007,5036
5008,5037
5009,5038
5010,5039
5011,5040
5012,5041
5013,5042
5014,5043
5015,5044
5016,5045
5017,5046
5018,5047
5019,5048
5020,5049
5021,5050
5022,5051
5023,5052
5024,5053
5025,5054
5026,5055
5027,5056
5028,5057
5029,5058
5030,5059
5031,5060
5032,5061
5033,5062
5034,5063
5035,5064
5036,5065
5037,5066
5038,5067
5039,5068
5040,5069
5041,5070
5042,5071
5043,5072
5044,5073
5045,5074
5046,5075
5047,5076
5048,5077
5049,5078
5050,5079
5051,5080
5052,5081
5053,5082
5054,5083
5055,5084
5056,5085
5057,5086
5058,5087
5059,5088
5060,5089
5061,5090
5062,5091
5063,5092
5064,5093
5065,5094
5066,5095
5067,5096
5068,5097
5069,5098
5070,5099
5071,5101
5072,5102
5073,5103
5074,5104
5075,5105
5076,5106
5077,5107
5078,5108
5079,5109
5080,5110
5081,5111
5082,5112
5083,5113
5084,5114
5085,5115
5086,5116
5087,5117
5088,5118
5089,5119
5090,5120
5091,5121
5092,5122
5093,5123
5094,5124
5095,5125
5096,5126
5097,5127
5098,5128
5099,5129
5100,5130
5101,5131
5102,5132
5103,5133
5104,5134
5105,5135
5106,5136
5107,5137
5108,5138
5109,5139
5110,5140
5111,5141
5112,5142
5113,5143
5114,5144
5115,5145
5116,5146
5117,5147
5118,5148
5119,5149
5120,5150
5121,5151
5122,5152
5123,5153
5124,5154
5125,5155
5126,5156
5127,5157
5128,5158
5129,5159
5130,5160
5131,5161
5132,5162
5133,5163
5134,5164
5135,5165
5136,5166
5137,5167
5138,5168
5139,5169
5140,5170
5141,5171
5142,5172
5143,5173
5144,5174
5145,5175
5146,5176
5147,5177
5148,5178
5149,5179
5150,5180
5151,5181
5152,5182
5153,5183
5154,5184
5155,5185
5156,5186
5157,5187
5158,5188
5159,5189
5160,5190
5161,5191
5162,5192
5163,5193
5164,5194
5165,5195
5166,5196
5167,5197
5168,5198
5169,5199
5170,5200
5171,5201
5172,5202
5173,5203
5174,5204
5175,5205
5176,5206
5177,5207
5178,5208
5179,5209
5180,5210
5181,5211
5182,5212
5183,5213
5184,5214
5185,5215
5186,5216
5187,5217
5188,5218
5189,5219
5190,5220
5191,5221
5192,5222
5193,5223
5194,5224
5195,5225
5196,5226
5197,5227
5198,5228
5199,5229
5200,5230
5201,5231
5202,5232
5203,5233
5204,5234
5205,5235
5206,5236
5207,5237
5208,5238
5209,5239
5210,5240
5211,5241
5212,5242
5213,5243
5214,5244
5215,5245
5216,5246
5217,5247
5218,5248
5219,5249
5220,5250
5221,5251
5222,5252
5223,5253
5224,5254
5225,5255
5226,5256
5227,5257
5228,5258
5229,5259
5230,5260
5231,5261
5232,5262
5233,5263
5234,5264
5235,5265
5236,5266
5237,5267
5238,5268
5239,5269
5240,5270
5241,5271
5242,5272
5243,5273
5244,5274
5245,5275
5246,5276
5247,5277
5248,5278
5249,5279
5250,5280
5251,5281
5252,5282
5253,5283
5254,5284
5255,5285
5256,5286
5257,5287
5258,5288
5259,5289
5260,5290
5261,5291
5262,5292
5263,5293
5264,5294
5265,5295
5266,5296
5267,5297
5268,5298
5269,5299
5270,5300
5271,5301
5272,5302
5273,5303
5274,5304
5275,5305
5276,5306
5277,5307
5278,5308
5279,5309
5280,5310
5281,5312
5282,5313
5283,5314
5284,5315
5285,5316
5286,5317
5287,5318
5288,5319
5289,5320
5290,5321
5291,5322
5292,5323
5293,5324
5294,5325
5295,5326
5296,5327
5297,5328
5298,5329
5299,5330
5300,5331
5301,5332
5302,5333
5303,5334
5304,5335
5305,5336
5306,5337
5307,5338
5308,5339
5309,5340
5310,5341
5311,5342
5312,5343
5313,5344
5314,5345
5315,5346
5316,5347
5317,5348
5318,5349
5319,5350
5320,5351
5321,5352
5322,5353
5323,5354
5324,5355
5325,5356
5326,5357
5327,5358
5328,5359
5329,5360
5330,5361
5331,5362
5332,5363
5333,5364
5334,5365
5335,5366
5336,5367
5337,5368
5338,5369
5339,5370
5340,5371
5341,5372
5342,5373
5343,5374
5344,5375
5345,5376
5346,5377
5347,5378
5348,5379
5349,5380
5350,5381
5351,5382
5352,5383
5353,5384
5354,5385
5355,5386
5356,5387
5357,5388
5358,5389
5359,5390
5360,5391
5361,5392
5362,5393
5363,5394
5364,5395
5365,5396
5366,5397
5367,5398
5368,5399
5369,5400
5370,5401
5371,5402
5372,5403
5373,5404
5374,5405
5375,5406
5376,5407
5377,5408
5378,5409
5379,5410
5380,5411
5381,5412
5382,5413
5383,5414
5384,5415
5385,5416
5386,5417
5387,5419
5388,5420
5389,5421
5390,5422
5391,5423
5392,5424
5393,5425
5394,5426
5395,5427
5396,5428
5397,5429
5398,5430
5399,5431
5400,5432
5401,5433
5402,5434
5403,5435
5404,5436
5405,5437
5406,5438
5407,5439
5408,5440
5409,5441
5410,5442
5411,5443
5412,5444
5413,5445
5414,5446
5415,5447
5416,5448
5417,5449
5418,5450
5419,5451
5420,5452
5421,5454
5422,5455
5423,5456
5424,5457
5425,5458
5426,5459
5427,5460
5428,5461
5429,5462
5430,5463
5431,5464
5432,5465
5433,5466
5434,5467
5435,5468
5436,5469
5437,5470
5438,5471
5439,5472
5440,5473
5441,5474
5442,5475
5443,5476
5444,5477
5445,5478
5446,5479
5447,5480
5448,5481
5449,5482
5450,5483
5451,5484
5452,5485
5453,5486
5454,5487
5455,5488
5456,5489
5457,5490
5458,5491
5459,5492
5460,5493
5461,5494
5462,5495
5463,5496
5464,5497
5465,5498
5466,5499
5467,5500
5468,5501
5469,5502
5470,5503
5471,5504
5472,5505
5473,5506
5474,5507
5475,5508
5476,5509
5477,5510
5478,5511
5479,5512
5480,5513
5481,5514
5482,5515
5483,5516
5484,5517
5485,5518
5486,5519
5487,5520
5488,5521
5489,5522
5490,5523
5491,5524
5492,5525
5493,5526
5494,5527
5495,5528
5496,5529
5497,5530
5498,5531
5499,5532
5500,5533
5501,5534
5502,5535
5503,5536
5504,5537
5505,5538
5506,5539
5507,5540
5508,5541
5509,5542
5510,5543
5511,5544
5512,5545
5513,5546
5514,5547
5515,5548
5516,5549
5517,5550
5518,5551
5519,5552
5520,5553
5521,5554
5522,5555
5523,5556
5524,5557
5525,5558
5526,5559
5527,5560
5528,5561
5529,5562
5530,5563
5531,5564
5532,5565
5533,5566
5534,5567
5535,5568
5536,5569
5537,5570
5538,5571
5539,5572
5540,5573
5541,5574
5542,5575
5543,5576
5544,5577
5545,5578
5546,5579
5547,5580
5548,5581
5549,5582
5550,5583
5551,5584
5552,5585
5553,5586
5554,5587
5555,5588
5556,5589
5557,5590
5558,5591
5559,5592
5560,5593
5561,5594
5562,5595
5563,5596
5564,5597
5565,5598
5566,5599
5567,5600
5568,5601
5569,5602
5570,5603
5571,5604
5572,5605
5573,5606
5574,5607
5575,5608
5576,5609
5577,5610
5578,5611
5579,5612
5580,5613
5581,5614
5582,5615
5583,5616
5584,5617
5585,5618
5586,5619
5587,5620
5588,5621
5589,5622
5590,5623
5591,5624
5592,5625
5593,5626
5594,5627
5595,5628
5596,5629
5597,5630
5598,5631
5599,5632
5600,5633
5601,5634
5602,5635
5603,5636
5604,5637
5605,5638
5606,5639
5607,5640
5608,5641
5609,5642
5610,5643
5611,5644
5612,5645
5613,5646
5614,5647
5615,5648
5616,5649
5617,5650
5618,5651
5619,5652
5620,5653
5621,5654
5622,5655
5623,5656
5624,5657
5625,5658
5626,5659
5627,5660
5628,5661
5629,5662
5630,5663
5631,5664
5632,5665
5633,5666
5634,5667
5635,5668
5636,5669
5637,5670
5638,5671
5639,5672
5640,5673
5641,5674
5642,5675
5643,5676
5644,5677
5645,5678
5646,5679
5647,5680
5648,5681
5649,5682
5650,5683
5651,5684
5652,5685
5653,5686
5654,5687
5655,5688
5656,5689
5657,5690
5658,5691
5659,5692
5660,5693
5661,5694
5662,5695
5663,5696
5664,5697
5665,5698
5666,5699
5667,5700
5668,5701
5669,5702
5670,5703
5671,5704
5672,5705
5673,5706
5674,5707
5675,5708
5676,5709
5677,5710
5678,5711
5679,5712
5680,5713
5681,5714
5682,5715
5683,5716
5684,5717
5685,5718
5686,5719
5687,5720
5688,5721
5689,5722
5690,5723
5691,5724
5692,5725
5693,5726
5694,5727
5695,5728
5696,5729
5697,5730
5698,5731
5699,5732
5700,5733
5701,5734
5702,5735
5703,5736
5704,5737
5705,5738
5706,5739
5707,5740
5708,5741
5709,5742
5710,5743
5711,5744
5712,5745
5713,5746
5714,5747
5715,5748
5716,5749
5717,5750
5718,5751
5719,5752
5720,5753
5721,5754
5722,5755
5723,5756
5724,5757
5725,5758
5726,5759
5727,5760
5728,5761
5729,5762
5730,5763
5731,5764
5732,5765
5733,5766
5734,5767
5735,5768
5736,5769
5737,5770
5738,5771
5739,5772
5740,5773
5741,5774
5742,5775
5743,5776
5744,5777
5745,5778
5746,5779
5747,5780
5748,5781
5749,5782
5750,5783
5751,5784
5752,5785
5753,5786
5754,5787
5755,5788
5756,5789
5757,5790
5758,5791
5759,5792
5760,5793
5761,5794
5762,5795
5763,5796
5764,5797
5765,5798
5766,5799
5767,5800
5768,5801
5769,5802
5770,5803
5771,5804
5772,5805
5773,5806
5774,5807
5775,5808
5776,5809
5777,5810
5778,5811
5779,5812
5780,5813
5781,5814
5782,5815
5783,5816
5784,5817
5785,5818
5786,5819
5787,5820
5788,5821
5789,5822
5790,5823
5791,5824
5792,5825
5793,5826
5794,5827
5795,5828
5796,5829
5797,5830
5798,5831
5799,5832
5800,5833
5801,5834
5802,5835
5803,5836
5804,5837
5805,5838
5806,5839
5807,5840
5808,5841
5809,5842
5810,5843
5811,5844
5812,5845
5813,5846
5814,5847
5815,5848
5816,5849
5817,5850
5818,5851
5819,5852
5820,5853
5821,5854
5822,5855
5823,5856
5824,5857
5825,5858
5826,5859
5827,5860
5828,5861
5829,5862
5830,5863
5831,5864
5832,5865
5833,5866
5834,5867
5835,5868
5836,5869
5837,5870
5838,5871
5839,5872
5840,5873
5841,5874
5842,5875
5843,5876
5844,5877
5845,5878
5846,5879
5847,5880
5848,5881
5849,5882
5850,5883
5851,5884
5852,5885
5853,5886
5854,5887
5855,5888
5856,5889
5857,5890
5858,5891
5859,5892
5860,5893
5861,5894
5862,5895
5863,5896
5864,5897
5865,5898
5866,5899
5867,5900
5868,5901
5869,5902
5870,5903
5871,5904
5872,5905
5873,5906
5874,5907
5875,5908
5876,5909
5877,5910
5878,5911
5879,5912
5880,5913
5881,5914
5882,5915
5883,5916
5884,5917
5885,5918
5886,5919
5887,5920
5888,5921
5889,5922
5890,5923
5891,5924
5892,5925
5893,5926
5894,5927
5895,5928
5896,5929
5897,5930
5898,5931
5899,5932
5900,5933
5901,5934
5902,5935
5903,5936
5904,5937
5905,5938
5906,5939
5907,5940
5908,5941
5909,5942
5910,5943
5911,5944
5912,5945
5913,5946
5914,5947
5915,5948
5916,5949
5917,5950
5918,5951
5919,5952
5920,5953
5921,5954
5922,5955
5923,5956
5924,5957
5925,5958
5926,5959
5927,5960
5928,5961
5929,5962
5930,5963
5931,5964
5932,5965
5933,5966
5934,5967
5935,5968
5936,5969
5937,5970
5938,5971
5939,5972
5940,5973
5941,5974
5942,5975
5943,5976
5944,5977
5945,5978
5946,5979
5947,5980
5948,5981
5949,5982
5950,5983
5951,5984
5952,5985
5953,5986
5954,5987
5955,5988
5956,5989
5957,5990
5958,5991
5959,5992
5960,5993
5961,5994
5962,5995
5963,5996
5964,5997
5965,5998
5966,5999
5967,6000
5968,6001
5969,6002
5970,6003
5971,6004
5972,6005
5973,6006
5974,6007
5975,6008
5976,6009
5977,6010
5978,6011
5979,6012
5980,6013
5981,6014
5982,6015
5983,6016
5984,6017
5985,6018
5986,6019
5987,6020
5988,6021
5989,6022
5990,6023
5991,6024
5992,6025
5993,6026
5994,6027
5995,6028
5996,6029
5997,6030
5998,6031
5999,6032
6000,6033
6001,6034
6002,6035
6003,6036
6004,6037
6005,6038
6006,6039
6007,6040
6008,6041
6009,6042
6010,6043
6011,6044
6012,6045
6013,6046
6014,6047
6015,6048
6016,6049
6017,6050
6018,6051
6019,6052
6020,6053
6021,6054
6022,6055
6023,6056
6024,6057
6025,6058
6026,6059
6027,6060
6028,6061
6029,6062
6030,6063
6031,6065
6032,6066
6033,6067
6034,6068
6035,6069
6036,6070
6037,6071
6038,6072
6039,6073
6040,6074
6041,6075
6042,6076
6043,6077
6044,6078
6045,6079
6046,6080
6047,6081
6048,6082
6049,6083
6050,6084
6051,6085
6052,6086
6053,6087
6054,6088
6055,6089
6056,6090
6057,6091
6058,6092
6059,6093
6060,6094
6061,6095
6062,6096
6063,6097
6064,6098
6065,6099
6066,6100
6067,6101
6068,6102
6069,6103
6070,6104
6071,6105
6072,6106
6073,6107
6074,6108
6075,6109
6076,6110
6077,6111
6078,6112
6079,6113
6080,6114
6081,6115
6082,6116
6083,6117
6084,6119
6085,6120
6086,6121
6087,6122
6088,6123
6089,6124
6090,6125
6091,6126
6092,6127
6093,6128
6094,6129
6095,6130
6096,6131
6097,6132
6098,6133
6099,6134
6100,6135
6101,6136
6102,6137
6103,6138
6104,6139
6105,6140
6106,6141
6107,6142
6108,6143
6109,6144
6110,6145
6111,6146
6112,6147
6113,6148
6114,6149
6115,6150
6116,6151
6117,6152
6118,6153
6119,6154
6120,6156
6121,6157
6122,6158
6123,6159
6124,6160
6125,6161
6126,6162
6127,6163
6128,6164
6129,6165
6130,6166
6131,6167
6132,6168
6133,6169
6134,6170
6135,6171
6136,6172
6137,6173
6138,6174
6139,6175
6140,6176
6141,6177
6142,6178
6143,6179
6144,6180
6145,6181
6146,6182
6147,6183
6148,6184
6149,6185
6150,6186
6151,6187
6152,6188
6153,6189
6154,6190
6155,6191
6156,6192
6157,6193
6158,6194
6159,6195
6160,6196
6161,6197
6162,6198
6163,6199
6164,6200
6165,6201
6166,6202
6167,6203
6168,6204
6169,6205
6170,6206
6171,6207
6172,6208
6173,6209
6174,6210
6175,6211
6176,6212
6177,6213
6178,6214
6179,6215
6180,6216
6181,6217
6182,6218
6183,6219
6184,6220
6185,6221
6186,6222
6187,6223
6188,6224
6189,6225
6190,6226
6191,6227
6192,6228
6193,6229
6194,6230
6195,6231
6196,6232
6197,6233
6198,6234
6199,6235
6200,6236
6201,6237
6202,6238
6203,6239
6204,6240
6205,6241
6206,6242
6207,6243
6208,6244
6209,6245
6210,6246
6211,6247
6212,6248
6213,6249
6214,6250
6215,6251
6216,6252
6217,6253
6218,6254
6219,6255
6220,6256
6221,6257
6222,6258
6223,6260
6224,6261
6225,6262
6226,6263
6227,6264
6228,6265
6229,6266
6230,6267
6231,6268
6232,6269
6233,6270
6234,6271
6235,6272
6236,6273
6237,6274
6238,6275
6239,6276
6240,6277
6241,6278
6242,6279
6243,6280
6244,6281
6245,6282
6246,6283
6247,6284
6248,6285
6249,6286
6250,6287
6251,6288
6252,6289
6253,6290
6254,6291
6255,6292
6256,6293
6257,6294
6258,6295
6259,6296
6260,6297
6261,6298
6262,6299
6263,6300
6264,6301
6265,6302
6266,6303
6267,6304
6268,6305
6269,6306
6270,6307
6271,6308
6272,6309
6273,6310
6274,6311
6275,6312
6276,6313
6277,6314
6278,6315
6279,6316
6280,6317
6281,6318
6282,6319
6283,6320
6284,6321
6285,6322
6286,6323
6287,6324
6288,6325
6289,6326
6290,6327
6291,6328
6292,6329
6293,6330
6294,6331
6295,6332
6296,6333
6297,6334
6298,6335
6299,6336
6300,6337
6301,6338
6302,6339
6303,6340
6304,6341
6305,6342
6306,6343
6307,6344
6308,6345
6309,6346
6310,6347
6311,6348
6312,6349
6313,6350
6314,6351
6315,6352
6316,6353
6317,6354
6318,6355
6319,6356
6320,6357
6321,6358
6322,6359
6323,6360
6324,6361
6325,6362
6326,6363
6327,6364
6328,6365
6329,6366
6330,6367
6331,6368
6332,6369
6333,6370
6334,6371
6335,6372
6336,6373
6337,6374
6338,6375
6339,6376
6340,6377
6341,6378
6342,6379
6343,6380
6344,6381
6345,6382
6346,6383
6347,6384
6348,6385
6349,6386
6350,6387
6351,6388
6352,6389
6353,6390
6354,6391
6355,6392
6356,6393
6357,6394
6358,6395
6359,6396
6360,6397
6361,6398
6362,6399
6363,6400
6364,6401
6365,6402
6366,6403
6367,6404
6368,6405
6369,6406
6370,6407
6371,6408
6372,6409
6373,6410
6374,6411
6375,6412
6376,6413
6377,6414
6378,6415
6379,6416
6380,6417
6381,6418
6382,6419
6383,6420
6384,6421
6385,6422
6386,6423
6387,6424
6388,6425
6389,6426
6390,6427
6391,6428
6392,6430
6393,6431
6394,6432
6395,6433
6396,6434
6397,6435
6398,6436
6399,6437
6400,6438
6401,6439
6402,6440
6403,6441
6404,6442
6405,6443
6406,6444
6407,6445
6408,6446
6409,6448
6410,6449
6411,6450
6412,6451
6413,6452
6414,6453
6415,6454
6416,6455
6417,6456
6418,6457
6419,6458
6420,6459
6421,6460
6422,6461
6423,6462
6424,6463
6425,6464
6426,6465
6427,6466
6428,6467
6429,6468
6430,6469
6431,6470
6432,6471
6433,6472
6434,6473
6435,6474
6436,6475
6437,6476
6438,6477
6439,6478
6440,6479
6441,6480
6442,6481
6443,6482
6444,6483
6445,6484
6446,6485
6447,6486
6448,6487
6449,6488
6450,6489
6451,6490
6452,6491
6453,6492
6454,6493
6455,6494
6456,6495
6457,6496
6458,6497
6459,6498
6460,6499
6461,6500
6462,6501
6463,6502
6464,6503
6465,6504
6466,6505
6467,6506
6468,6507
6469,6508
6470,6509
6471,6510
6472,6511
6473,6512
6474,6513
6475,6514
6476,6515
6477,6516
6478,6517
6479,6518
6480,6519
6481,6520
6482,6521
6483,6522
6484,6523
6485,6524
6486,6525
6487,6526
6488,6527
6489,6528
6490,6529
6491,6530
6492,6531
6493,6532
6494,6533
6495,6534
6496,6535
6497,6536
6498,6537
6499,6538
6500,6539
6501,6540
6502,6541
6503,6542
6504,6543
6505,6544
6506,6545
6507,6546
6508,6547
6509,6548
6510,6549
6511,6550
6512,6551
6513,6552
6514,6553
6515,6554
6516,6555
6517,6556
6518,6557
6519,6558
6520,6559
6521,6560
6522,6561
6523,6562
6524,6563
6525,6564
6526,6565
6527,6566
6528,6567
6529,6568
6530,6569
6531,6570
6532,6571
6533,6572
6534,6573
6535,6574
6536,6575
6537,6576
6538,6577
6539,6578
6540,6579
6541,6580
6542,6581
6543,6582
6544,6583
6545,6584
6546,6585
6547,6586
6548,6587
6549,6588
6550,6589
6551,6590
6552,6591
6553,6592
6554,6593
6555,6594
6556,6595
6557,6596
6558,6597
6559,6598
6560,6599
6561,6600
6562,6601
6563,6603
6564,6604
6565,6605
6566,6606
6567,6607
6568,6608
6569,6609
6570,6610
6571,6611
6572,6612
6573,6613
6574,6614
6575,6616
6576,6617
6577,6618
6578,6619
6579,6620
6580,6621
6581,6622
6582,6623
6583,6624
6584,6625
6585,6626
6586,6627
6587,6628
6588,6629
6589,6630
6590,6631
6591,6632
6592,6633
6593,6634
6594,6635
6595,6636
6596,6637
6597,6638
6598,6639
6599,6640
6600,6641
6601,6642
6602,6643
6603,6644
6604,6645
6605,6646
6606,6647
6607,6648
6608,6649
6609,6650
6610,6651
6611,6652
6612,6653
6613,6654
6614,6655
6615,6656
6616,6657
6617,6658
6618,6659
6619,6660
6620,6661
6621,6662
6622,6663
6623,6664
6624,6665
6625,6666
6626,6667
6627,6668
6628,6669
6629,6670
6630,6671
6631,6672
6632,6673
6633,6674
6634,6675
6635,6676
6636,6677
6637,6678
6638,6679
6639,6680
6640,6681
6641,6682
6642,6683
6643,6684
6644,6685
6645,6686
6646,6687
6647,6688
6648,6689
6649,6690
6650,6691
6651,6692
6652,6693
6653,6694
6654,6695
6655,6696
6656,6697
6657,6698
6658,6699
6659,6700
6660,6701
6661,6702
6662,6703
6663,6704
6664,6705
6665,6706
6666,6707
6667,6708
6668,6709
6669,6710
6670,6711
6671,6712
6672,6713
6673,6714
6674,6715
6675,6716
6676,6717
6677,6718
6678,6719
6679,6720
6680,6721
6681,6722
6682,6723
6683,6724
6684,6725
6685,6726
6686,6727
6687,6728
6688,6729
6689,6730
6690,6731
6691,6732
6692,6733
6693,6734
6694,6735
6695,6736
6696,6737
6697,6738
6698,6739
6699,6740
6700,6741
6701,6742
6702,6743
6703,6744
6704,6745
6705,6746
6706,6747
6707,6748
6708,6749
6709,6750
6710,6751
6711,6752
6712,6753
6713,6754
6714,6755
6715,6756
6716,6757
6717,6758
6718,6759
6719,6760
6720,6761
6721,6762
6722,6763
6723,6764
6724,6765
6725,6766
6726,6767
6727,6768
6728,6769
6729,6770
6730,6771
6731,6772
6732,6773
6733,6774
6734,6775
6735,6776
6736,6777
6737,6778
6738,6779
6739,6780
6740,6781
6741,6782
6742,6783
6743,6784
6744,6785
6745,6786
6746,6787
6747,6788
6748,6789
6749,6790
6750,6791
6751,6792
6752,6793
6753,6794
6754,6795
6755,6796
6756,6797
6757,6798
6758,6799
6759,6800
6760,6801
6761,6802
6762,6803
6763,6804
6764,6805
6765,6806
6766,6807
6767,6808
6768,6809
6769,6810
6770,6811
6771,6812
6772,6813
6773,6814
6774,6815
6775,6816
6776,6817
6777,6818
6778,6819
6779,6820
6780,6821
6781,6822
6782,6823
6783,6824
6784,6825
6785,6826
6786,6827
6787,6828
6788,6829
6789,6830
6790,6831
6791,6832
6792,6833
6793,6834
6794,6835
6795,6836
6796,6837
6797,6838
6798,6839
6799,6840
6800,6841
6801,6842
6802,6843
6803,6844
6804,6845
6805,6846
6806,6847
6807,6848
6808,6849
6809,6850
6810,6851
6811,6852
6812,6853
6813,6854
6814,6855
6815,6856
6816,6857
6817,6858
6818,6859
6819,6860
6820,6861
6821,6862
6822,6863
6823,6864
6824,6865
6825,6866
6826,6867
6827,6868
6828,6869
6829,6870
6830,6871
6831,6872
6832,6873
6833,6874
6834,6875
6835,6876
6836,6877
6837,6878
6838,6879
6839,6880
6840,6881
6841,6882
6842,6883
6843,6884
6844,6885
6845,6886
6846,6887
6847,6888
6848,6889
6849,6890
6850,6891
6851,6892
6852,6893
6853,6894
6854,6895
6855,6896
6856,6897
6857,6898
6858,6899
6859,6900
6860,6901
6861,6902
6862,6903
6863,6904
6864,6905
6865,6906
6866,6907
6867,6908
6868,6909
6869,6910
6870,6911
6871,6912
6872,6913
6873,6914
6874,6915
6875,6916
6876,6917
6877,6918
6878,6919
6879,6920
6880,6921
6881,6922
6882,6923
6883,6924
6884,6925
6885,6926
6886,6927
6887,6928
6888,6929
6889,6930
6890,6931
6891,6932
6892,6933
6893,6934
6894,6935
6895,6936
6896,6937
6897,6938
6898,6939
6899,6940
6900,6941
6901,6942
6902,6943
6903,6944
6904,6945
6905,6946
6906,6947
6907,6948
6908,6949
6909,6950
6910,6951
6911,6952
6912,6953
6913,6954
6914,6955
6915,6956
6916,6957
6917,6958
6918,6959
6919,6960
6920,6961
6921,6962
6922,6963
6923,6964
6924,6965
6925,6966
6926,6967
6927,6968
6928,6969
6929,6970
6930,6971
6931,6972
6932,6973
6933,6974
6934,6975
6935,6976
6936,6977
6937,6978
6938,6979
6939,6980
6940,6981
6941,6982
6942,6983
6943,6984
6944,6985
6945,6986
6946,6987
6947,6988
6948,6989
6949,6990
6950,6991
6951,6992
6952,6993
6953,6994
6954,6995
6955,6996
6956,6997
6957,6998
6958,6999
6959,7000
6960,7001
6961,7002
6962,7003
6963,7004
6964,7005
6965,7006
6966,7007
6967,7008
6968,7009
6969,7010
6970,7011
6971,7012
6972,7013
6973,7014
6974,7015
6975,7016
6976,7017
6977,7018
6978,7019
6979,7020
6980,7021
6981,7022
6982,7023
6983,7024
6984,7025
6985,7026
6986,7027
6987,7028
6988,7029
6989,7030
6990,7031
6991,7032
6992,7033
6993,7034
6994,7035
6995,7036
6996,7037
6997,7038
6998,7039
6999,7040
7000,7041
7001,7042
7002,7043
7003,7044
7004,7045
7005,7046
7006,7047
7007,7048
7008,7049
7009,7050
7010,7051
7011,7052
7012,7053
7013,7054
7014,7055
7015,7056
7016,7057
7017,7058
7018,7059
7019,7060
7020,7061
7021,7062
7022,7063
7023,7064
7024,7065
7025,7066
7026,7067
7027,7068
7028,7069
7029,7070
7030,7071
7031,7072
7032,7073
7033,7074
7034,7075
7035,7076
7036,7077
7037,7078
7038,7080
7039,7081
7040,7082
7041,7083
7042,7084
7043,7085
7044,7086
7045,7087
7046,7088
7047,7089
7048,7090
7049,7091
7050,7093
7051,7094
7052,7095
7053,7096
7054,7097
7055,7098
7056,7099
7057,7100
7058,7101
7059,7102
7060,7103
7061,7104
7062,7105
7063,7106
7064,7107
7065,7108
7066,7109
7067,7110
7068,7111
7069,7112
7070,7113
7071,7114
7072,7115
7073,7116
7074,7117
7075,7118
7076,7119
7077,7120
7078,7121
7079,7122
7080,7123
7081,7124
7082,7125
7083,7126
7084,7127
7085,7128
7086,7129
7087,7130
7088,7131
7089,7132
7090,7133
7091,7134
7092,7135
7093,7136
7094,7137
7095,7138
7096,7139
7097,7141
7098,7142
7099,7143
7100,7144
7101,7145
7102,7146
7103,7147
7104,7148
7105,7149
7106,7150
7107,7152
7108,7153
7109,7154
7110,7155
7111,7156
7112,7157
7113,7158
7114,7159
7115,7160
7116,7161
7117,7162
7118,7163
7119,7164
7120,7165
7121,7166
7122,7167
7123,7168
7124,7169
7125,7170
7126,7171
7127,7172
7128,7173
7129,7174
7130,7175
7131,7176
7132,7177
7133,7178
7134,7179
7135,7180
7136,7181
7137,7182
7138,7183
7139,7184
7140,7185
7141,7186
7142,7187
7143,7188
7144,7189
7145,7190
7146,7191
7147,7192
7148,7194
7149,7195
7150,7196
7151,7197
7152,7198
7153,7199
7154,7200
7155,7201
7156,7202
7157,7203
7158,7204
7159,7205
7160,7206
7161,7207
7162,7208
7163,7209
7164,7210
7165,7211
7166,7212
7167,7213
7168,7214
7169,7215
7170,7216
7171,7217
7172,7218
7173,7219
7174,7220
7175,7221
7176,7222
7177,7223
7178,7224
7179,7225
7180,7226
7181,7227
7182,7228
7183,7229
7184,7230
7185,7231
7186,7232
7187,7233
7188,7234
7189,7235
7190,7236
7191,7237
7192,7238
7193,7239
7194,7240
7195,7241
7196,7242
7197,7243
7198,7244
7199,7245
7200,7246
7201,7247
7202,7248
7203,7249
7204,7250
7205,7251
7206,7252
7207,7253
7208,7254
7209,7256
7210,7257
7211,7258
7212,7259
7213,7260
7214,7261
7215,7262
7216,7263
7217,7264
7218,7265
7219,7266
7220,7267
7221,7268
7222,7269
7223,7270
7224,7271
7225,7272
7226,7273
7227,7274
7228,7275
7229,7276
7230,7277
7231,7278
7232,7279
7233,7280
7234,7281
7235,7282
7236,7283
7237,7284
7238,7285
7239,7286
7240,7287
7241,7288
7242,7289
7243,7290
7244,7291
7245,7292
7246,7293
7247,7294
7248,7295
7249,7296
7250,7297
7251,7298
7252,7299
7253,7300
7254,7301
7255,7302
7256,7303
7257,7304
7258,7305
7259,7306
7260,7307
7261,7308
7262,7309
7263,7310
7264,7311
7265,7312
7266,7313
7267,7314
7268,7315
7269,7316
7270,7317
7271,7318
7272,7319
7273,7320
7274,7321
7275,7322
7276,7323
7277,7324
7278,7325
7279,7326
7280,7327
7281,7328
7282,7329
7283,7330
7284,7331
7285,7332
7286,7333
7287,7334
7288,7335
7289,7336
7290,7337
7291,7338
7292,7339
7293,7340
7294,7341
7295,7342
7296,7343
7297,7344
7298,7345
7299,7346
7300,7347
7301,7348
7302,7349
7303,7350
7304,7351
7305,7352
7306,7353
7307,7354
7308,7355
7309,7356
7310,7358
7311,7359
7312,7360
7313,7361
7314,7362
7315,7363
7316,7364
7317,7365
7318,7366
7319,7367
7320,7368
7321,7369
7322,7370
7323,7371
7324,7372
7325,7373
7326,7374
7327,7375
7328,7376
7329,7377
7330,7378
7331,7379
7332,7380
7333,7381
7334,7382
7335,7383
7336,7384
7337,7385
7338,7386
7339,7387
7340,7388
7341,7389
7342,7390
7343,7391
7344,7392
7345,7393
7346,7394
7347,7395
7348,7396
7349,7397
7350,7398
7351,7399
7352,7400
7353,7401
7354,7402
7355,7403
7356,7404
7357,7405
7358,7406
7359,7407
7360,7408
7361,7409
7362,7410
7363,7411
7364,7412
7365,7413
7366,7414
7367,7415
7368,7416
7369,7417
7370,7418
7371,7419
7372,7420
7373,7421
7374,7422
7375,7423
7376,7424
7377,7425
7378,7426
7379,7427
7380,7428
7381,7429
7382,7430
7383,7431
7384,7432
7385,7433
7386,7434
7387,7435
7388,7436
7389,7437
7390,7438
7391,7439
7392,7440
7393,7441
7394,7442
7395,7443
7396,7444
7397,7445
7398,7446
7399,7447
7400,7448
7401,7449
7402,7450
7403,7451
7404,7452
7405,7453
7406,7454
7407,7455
7408,7456
7409,7457
7410,7458
7411,7459
7412,7461
7413,7463
7414,7464
7415,7465
7416,7466
7417,7467
7418,7468
7419,7469
7420,7470
7421,7471
7422,7472
7423,7473
7424,7474
7425,7475
7426,7477
7427,7478
7428,7479
7429,7480
7430,7481
7431,7482
7432,7483
7433,7484
7434,7485
7435,7486
7436,7487
7437,7488
7438,7489
7439,7490
7440,7491
7441,7492
7442,7493
7443,7494
7444,7495
7445,7496
7446,7497
7447,7498
7448,7499
7449,7500
7450,7501
7451,7502
7452,7503
7453,7504
7454,7505
7455,7506
7456,7507
7457,7508
7458,7509
7459,7510
7460,7511
7461,7512
7462,7513
7463,7514
7464,7515
7465,7516
7466,7517
7467,7518
7468,7519
7469,7520
7470,7521
7471,7522
7472,7523
7473,7524
7474,7525
7475,7526
7476,7527
7477,7528
7478,7529
7479,7530
7480,7531
7481,7532
7482,7533
7483,7534
7484,7535
7485,7536
7486,7537
7487,7538
7488,7539
7489,7540
7490,7541
7491,7542
7492,7543
7493,7544
7494,7545
7495,7546
7496,7547
7497,7548
7498,7549
7499,7550
7500,7551
7501,7552
7502,7553
7503,7554
7504,7555
7505,7556
7506,7557
7507,7558
7508,7559
7509,7560
7510,7561
7511,7562
7512,7563
7513,7564
7514,7565
7515,7566
7516,7567
7517,7568
7518,7569
7519,7570
7520,7571
7521,7572
7522,7573
7523,7574
7524,7575
7525,7576
7526,7577
7527,7578
7528,7579
7529,7580
7530,7581
7531,7582
7532,7583
7533,7584
7534,7585
7535,7586
7536,7587
7537,7588
7538,7589
7539,7590
7540,7591
7541,7592
7542,7593
7543,7594
7544,7595
7545,7596
7546,7597
7547,7598
7548,7599
7549,7600
7550,7601
7551,7602
7552,7603
7553,7604
7554,7605
7555,7606
7556,7607
7557,7608
7558,7609
7559,7610
7560,7611
7561,7612
7562,7613
7563,7614
7564,7615
7565,7616
7566,7617
7567,7618
7568,7619
7569,7620
7570,7621
7571,7622
7572,7623
7573,7624
7574,7625
7575,7626
7576,7627
7577,7628
7578,7629
7579,7630
7580,7631
7581,7632
7582,7633
7583,7634
7584,7635
7585,7636
7586,7637
7587,7638
7588,7639
7589,7640
7590,7641
7591,7642
7592,7643
7593,7644
7594,7645
7595,7646
7596,7647
7597,7648
7598,7649
7599,7650
7600,7651
7601,7652
7602,7653
7603,7654
7604,7655
7605,7656
7606,7657
7607,7658
7608,7659
7609,7660
7610,7661
7611,7662
7612,7663
7613,7664
7614,7665
7615,7666
7616,7667
7617,7668
7618,7669
7619,7670
7620,7671
7621,7672
7622,7673
7623,7674
7624,7675
7625,7676
7626,7677
7627,7678
7628,7679
7629,7680
7630,7681
7631,7682
7632,7683
7633,7684
7634,7685
7635,7686
7636,7687
7637,7688
7638,7689
7639,7690
7640,7691
7641,7692
7642,7693
7643,7694
7644,7695
7645,7696
7646,7697
7647,7698
7648,7699
7649,7700
7650,7701
7651,7702
7652,7703
7653,7704
7654,7705
7655,7706
7656,7707
7657,7708
7658,7709
7659,7710
7660,7711
7661,7712
7662,7713
7663,7714
7664,7715
7665,7716
7666,7717
7667,7718
7668,7719
7669,7720
7670,7721
7671,7722
7672,7723
7673,7724
7674,7725
7675,7726
7676,7727
7677,7728
7678,7729
7679,7730
7680,7731
7681,7732
7682,7733
7683,7734
7684,7735
7685,7736
7686,7737
7687,7738
7688,7739
7689,7740
7690,7741
7691,7742
7692,7743
7693,7744
7694,7745
7695,7746
7696,7747
7697,7748
7698,7750
7699,7751
7700,7752
7701,7753
7702,7754
7703,7755
7704,7756
7705,7757
7706,7758
7707,7759
7708,7760
7709,7761
7710,7762
7711,7763
7712,7764
7713,7765
7714,7766
7715,7767
7716,7768
7717,7769
7718,7770
7719,7771
7720,7772
7721,7773
7722,7774
7723,7775
7724,7776
7725,7777
7726,7778
7727,7779
7728,7780
7729,7781
7730,7782
7731,7783
7732,7784
7733,7785
7734,7786
7735,7787
7736,7788
7737,7789
7738,7790
7739,7791
7740,7792
7741,7793
7742,7794
7743,7795
7744,7796
7745,7797
7746,7798
7747,7799
7748,7800
7749,7801
7750,7802
7751,7804
7752,7805
7753,7806
7754,7807
7755,7808
7756,7809
7757,7810
7758,7811
7759,7812
7760,7813
7761,7814
7762,7815
7763,7816
7764,7817
7765,7818
7766,7819
7767,7820
7768,7821
7769,7822
7770,7823
7771,7824
7772,7825
7773,7826
7774,7827
7775,7828
7776,7829
7777,7830
7778,7831
7779,7832
7780,7833
7781,7834
7782,7835
7783,7836
7784,7837
7785,7838
7786,7839
7787,7840
7788,7841
7789,7842
7790,7843
7791,7844
7792,7845
7793,7846
7794,7847
7795,7848
7796,7849
7797,7850
7798,7851
7799,7852
7800,7853
7801,7854
7802,7855
7803,7856
7804,7857
7805,7858
7806,7859
7807,7860
7808,7861
7809,7862
7810,7863
7811,7864
7812,7865
7813,7866
7814,7867
7815,7868
7816,7869
7817,7870
7818,7871
7819,7872
7820,7873
7821,7874
7822,7875
7823,7876
7824,7877
7825,7878
7826,7879
7827,7880
7828,7881
7829,7882
7830,7883
7831,7884
7832,7885
7833,7886
7834,7887
7835,7888
7836,7889
7837,7890
7838,7891
7839,7892
7840,7893
7841,7894
7842,7895
7843,7896
7844,7897
7845,7898
7846,7899
7847,7900
7848,7901
7849,7902
7850,7903
7851,7904
7852,7905
7853,7906
7854,7907
7855,7908
7856,7909
7857,7910
7858,7911
7859,7912
7860,7913
7861,7914
7862,7915
7863,7916
7864,7917
7865,7918
7866,7919
7867,7920
7868,7921
7869,7922
7870,7923
7871,7924
7872,7925
7873,7926
7874,7927
7875,7928
7876,7929
7877,7930
7878,7931
7879,7932
7880,7933
7881,7934
7882,7935
7883,7936
7884,7937
7885,7938
7886,7939
7887,7940
7888,7941
7889,7942
7890,7943
7891,7944
7892,7945
7893,7946
7894,7947
7895,7948
7896,7949
7897,7950
7898,7951
7899,7952
7900,7953
7901,7954
7902,7955
7903,7956
7904,7957
7905,7958
7906,7959
7907,7960
7908,7961
7909,7962
7910,7963
7911,7964
7912,7965
7913,7966
7914,7967
7915,7968
7916,7969
7917,7970
7918,7971
7919,7972
7920,7973
7921,7974
7922,7975
7923,7976
7924,7977
7925,7978
7926,7979
7927,7980
7928,7981
7929,7982
7930,7983
7931,7984
7932,7985
7933,7986
7934,7987
7935,7988
7936,7989
7937,7990
7938,7991
7939,7992
7940,7993
7941,7994
7942,7995
7943,7996
7944,7997
7945,7998
7946,7999
7947,8000
7948,8001
7949,8002
7950,8003
7951,8004
7952,8005
7953,8006
7954,8007
7955,8008
7956,8009
7957,8010
7958,8011
7959,8012
7960,8013
7961,8014
7962,8015
7963,8016
7964,8017
7965,8018
7966,8019
7967,8020
7968,8021
7969,8022
7970,8023
7971,8024
7972,8025
7973,8026
7974,8027
7975,8028
7976,8029
7977,8030
7978,8031
7979,8032
7980,8033
7981,8035
7982,8036
7983,8037
7984,8038
7985,8039
7986,8040
7987,8041
7988,8042
7989,8043
7990,8044
7991,8045
7992,8046
7993,8047
7994,8048
7995,8049
7996,8050
7997,8051
7998,8052
7999,8053
8000,8054
8001,8055
8002,8056
8003,8057
8004,8058
8005,8059
8006,8060
8007,8061
8008,8062
8009,8063
8010,8064
8011,8065
8012,8066
8013,8067
8014,8068
8015,8069
8016,8070
8017,8071
8018,8072
8019,8073
8020,8074
8021,8075
8022,8076
8023,8077
8024,8078
8025,8079
8026,8080
8027,8081
8028,8082
8029,8083
8030,8084
8031,8085
8032,8086
8033,8087
8034,8088
8035,8089
8036,8090
8037,8091
8038,8092
8039,8093
8040,8094
8041,8095
8042,8096
8043,8097
8044,8098
8045,8099
8046,8100
8047,8101
8048,8102
8049,8103
8050,8104
8051,8105
8052,8106
8053,8107
8054,8108
8055,8109
8056,8110
8057,8111
8058,8112
8059,8113
8060,8114
8061,8115
8062,8116
8063,8117
8064,8118
8065,8119
8066,8120
8067,8121
8068,8122
8069,8123
8070,8124
8071,8125
8072,8126
8073,8127
8074,8128
8075,8129
8076,8130
8077,8131
8078,8132
8079,8133
8080,8134
8081,8135
8082,8136
8083,8137
8084,8138
8085,8139
8086,8140
8087,8141
8088,8142
8089,8143
8090,8144
8091,8145
8092,8146
8093,8147
8094,8148
8095,8149
8096,8150
8097,8151
8098,8152
8099,8153
8100,8154
8101,8155
8102,8156
8103,8157
8104,8158
8105,8159
8106,8160
8107,8161
8108,8162
8109,8163
8110,8164
8111,8165
8112,8166
8113,8167
8114,8168
8115,8169
8116,8170
8117,8171
8118,8172
8119,8173
8120,8174
8121,8175
8122,8176
8123,8177
8124,8178
8125,8179
8126,8180
8127,8182
8128,8183
8129,8184
8130,8185
8131,8186
8132,8187
8133,8188
8134,8189
8135,8190
8136,8191
8137,8192
8138,8193
8139,8194
8140,8195
8141,8196
8142,8197
8143,8198
8144,8199
8145,8200
8146,8201
8147,8202
8148,8203
8149,8204
8150,8205
8151,8206
8152,8207
8153,8208
8154,8209
8155,8210
8156,8212
8157,8213
8158,8214
8159,8215
8160,8216
8161,8217
8162,8218
8163,8219
8164,8220
8165,8221
8166,8222
8167,8223
8168,8224
8169,8225
8170,8226
8171,8227
8172,8228
8173,8229
8174,8230
8175,8231
8176,8232
8177,8233
8178,8234
8179,8235
8180,8236
8181,8237
8182,8238
8183,8239
8184,8240
8185,8241
8186,8242
8187,8243
8188,8244
8189,8245
8190,8246
8191,8247
8192,8248
8193,8249
8194,8250
8195,8251
8196,8252
8197,8253
8198,8254
8199,8255
8200,8256
8201,8257
8202,8258
8203,8259
8204,8260
8205,8261
8206,8262
8207,8263
8208,8264
8209,8265
8210,8266
8211,8267
8212,8268
8213,8269
8214,8270
8215,8271
8216,8272
8217,8273
8218,8274
8219,8275
8220,8276
8221,8277
8222,8278
8223,8279
8224,8280
8225,8281
8226,8282
8227,8283
8228,8284
8229,8285
8230,8286
8231,8287
8232,8289
8233,8290
8234,8291
8235,8292
8236,8293
8237,8294
8238,8295
8239,8296
8240,8297
8241,8298
8242,8299
8243,8300
8244,8301
8245,8302
8246,8303
8247,8304
8248,8305
8249,8306
8250,8307
8251,8308
8252,8309
8253,8310
8254,8311
8255,8312
8256,8313
8257,8314
8258,8315
8259,8316
8260,8317
8261,8318
8262,8320
8263,8321
8264,8322
8265,8323
8266,8324
8267,8325
8268,8326
8269,8327
8270,8328
8271,8329
8272,8330
8273,8331
8274,8332
8275,8333
8276,8334
8277,8335
8278,8336
8279,8337
8280,8338
8281,8339
8282,8340
8283,8341
8284,8342
8285,8343
8286,8344
8287,8345
8288,8346
8289,8347
8290,8348
8291,8349
8292,8350
8293,8351
8294,8352
8295,8353
8296,8354
8297,8355
8298,8356
8299,8357
8300,8358
8301,8359
8302,8360
8303,8361
8304,8362
8305,8363
8306,8364
8307,8365
8308,8366
8309,8367
8310,8368
8311,8369
8312,8370
8313,8371
8314,8372
8315,8373
8316,8374
8317,8375
8318,8376
8319,8377
8320,8378
8321,8379
8322,8380
8323,8381
8324,8382
8325,8383
8326,8384
8327,8385
8328,8386
8329,8387
8330,8388
8331,8389
8332,8390
8333,8391
8334,8392
8335,8393
8336,8394
8337,8395
8338,8396
8339,8397
8340,8398
8341,8399
8342,8400
8343,8401
8344,8402
8345,8403
8346,8404
8347,8405
8348,8406
8349,8407
8350,8408
8351,8409
8352,8410
8353,8411
8354,8412
8355,8413
8356,8414
8357,8415
8358,8416
8359,8417
8360,8418
8361,8419
8362,8420
8363,8422
8364,8423
8365,8424
8366,8425
8367,8426
8368,8427
8369,8428
8370,8429
8371,8430
8372,8431
8373,8432
8374,8433
8375,8434
8376,8435
8377,8436
8378,8437
8379,8438
8380,8439
8381,8440
8382,8441
8383,8442
8384,8443
8385,8444
8386,8445
8387,8446
8388,8447
8389,8448
8390,8449
8391,8450
8392,8451
8393,8452
8394,8453
8395,8454
8396,8455
8397,8456
8398,8457
8399,8458
8400,8459
8401,8460
8402,8461
8403,8462
8404,8463
8405,8464
8406,8465
8407,8466
8408,8467
8409,8468
8410,8469
8411,8470
8412,8471
8413,8472
8414,8473
8415,8474
8416,8475
8417,8476
8418,8477
8419,8478
8420,8479
8421,8480
8422,8481
8423,8482
8424,8483
8425,8484
8426,8485
8427,8486
8428,8487
8429,8488
8430,8489
8431,8490
8432,8491
8433,8492
8434,8493
8435,8494
8436,8495
8437,8496
8438,8497
8439,8498
8440,8499
8441,8500
8442,8501
8443,8502
8444,8503
8445,8504
8446,8505
8447,8506
8448,8507
8449,8508
8450,8509
8451,8510
8452,8511
8453,8512
8454,8513
8455,8514
8456,8515
8457,8516
8458,8517
8459,8518
8460,8519
8461,8520
8462,8521
8463,8522
8464,8523
8465,8524
8466,8525
8467,8526
8468,8527
8469,8528
8470,8529
8471,8530
8472,8531
8473,8532
8474,8533
8475,8534
8476,8535
8477,8536
8478,8537
8479,8538
8480,8539
8481,8540
8482,8541
8483,8542
8484,8543
8485,8544
8486,8545
8487,8546
8488,8547
8489,8548
8490,8549
8491,8550
8492,8551
8493,8552
8494,8553
8495,8554
8496,8555
8497,8556
8498,8557
8499,8558
8500,8559
8501,8560
8502,8561
8503,8562
8504,8563
8505,8564
8506,8565
8507,8566
8508,8567
8509,8568
8510,8569
8511,8570
8512,8571
8513,8572
8514,8573
8515,8574
8516,8575
8517,8576
8518,8577
8519,8578
8520,8579
8521,8580
8522,8581
8523,8582
8524,8583
8525,8584
8526,8585
8527,8586
8528,8587
8529,8588
8530,8589
8531,8590
8532,8591
8533,8592
8534,8593
8535,8594
8536,8595
8537,8596
8538,8597
8539,8598
8540,8599
8541,8600
8542,8601
8543,8602
8544,8603
8545,8604
8546,8605
8547,8606
8548,8607
8549,8608
8550,8609
8551,8610
8552,8611
8553,8612
8554,8613
8555,8614
8556,8615
8557,8616
8558,8617
8559,8618
8560,8619
8561,8620
8562,8621
8563,8622
8564,8623
8565,8624
8566,8625
8567,8626
8568,8627
8569,8628
8570,8629
8571,8630
8572,8631
8573,8632
8574,8633
8575,8634
8576,8635
8577,8636
8578,8637
8579,8638
8580,8639
8581,8640
8582,8641
8583,8642
8584,8643
8585,8644
8586,8645
8587,8646
8588,8647
8589,8648
8590,8649
8591,8650
8592,8651
8593,8652
8594,8653
8595,8654
8596,8655
8597,8656
8598,8657
8599,8658
8600,8659
8601,8660
8602,8661
8603,8662
8604,8663
8605,8664
8606,8665
8607,8666
8608,8667
8609,8668
8610,8669
8611,8670
8612,8671
8613,8672
8614,8673
8615,8674
8616,8675
8617,8676
8618,8677
8619,8678
8620,8679
8621,8680
8622,8681
8623,8682
8624,8683
8625,8684
8626,8685
8627,8686
8628,8687
8629,8688
8630,8689
8631,8690
8632,8691
8633,8692
8634,8693
8635,8694
8636,8695
8637,8696
8638,8697
8639,8698
8640,8699
8641,8700
8642,8701
8643,8702
8644,8703
8645,8704
8646,8705
8647,8706
8648,8707
8649,8708
8650,8709
8651,8710
8652,8711
8653,8712
8654,8713
8655,8714
8656,8715
8657,8716
8658,8717
8659,8718
8660,8719
8661,8720
8662,8721
8663,8722
8664,8723
8665,8724
8666,8725
8667,8726
8668,8727
8669,8728
8670,8729
8671,8730
8672,8731
8673,8732
8674,8733
8675,8734
8676,8735
8677,8736
8678,8737
8679,8738
8680,8739
8681,8740
8682,8741
8683,8742
8684,8743
8685,8744
8686,8745
8687,8746
8688,8747
8689,8748
8690,8749
8691,8750
8692,8751
8693,8752
8694,8753
8695,8754
8696,8755
8697,8756
8698,8757
8699,8758
8700,8759
8701,8760
8702,8761
8703,8762
8704,8763
8705,8764
8706,8765
8707,8766
8708,8767
8709,8768
8710,8769
8711,8770
8712,8771
8713,8772
8714,8773
8715,8774
8716,8775
8717,8776
8718,8777
8719,8778
8720,8779
8721,8780
8722,8781
8723,8782
8724,8783
8725,8784
8726,8785
8727,8786
8728,8787
8729,8788
8730,8789
8731,8790
8732,8791
8733,8792
8734,8793
8735,8794
8736,8795
8737,8796
8738,8797
8739,8798
8740,8799
8741,8800
8742,8801
8743,8802
8744,8803
8745,8804
8746,8805
8747,8806
8748,8807
8749,8808
8750,8809
8751,8810
8752,8811
8753,8812
8754,8813
8755,8814
8756,8815
8757,8816
8758,8817
8759,8818
8760,8819
8761,8820
8762,8821
8763,8822
8764,8823
8765,8824
8766,8825
8767,8826
8768,8827
8769,8828
8770,8829
8771,8830
8772,8831
8773,8832
8774,8833
8775,8834
8776,8835
8777,8836
8778,8837
8779,8838
8780,8839
8781,8840
8782,8841
8783,8842
8784,8843
8785,8844
8786,8845
8787,8846
8788,8847
8789,8848
8790,8849
8791,8850
8792,8851
8793,8852
8794,8853
8795,8854
8796,8855
8797,8856
8798,8857
8799,8858
8800,8859
8801,8860
8802,8861
8803,8862
8804,8863
8805,8864
8806,8865
8807,8866
8808,8867
8809,8868
8810,8869
8811,8870
8812,8871
8813,8872
8814,8873
8815,8874
8816,8875
8817,8876
8818,8877
8819,8878
8820,8879
8821,8880
8822,8881
8823,8882
8824,8883
8825,8884
8826,8885
8827,8886
8828,8887
8829,8888
8830,8889
8831,8890
8832,8891
8833,8892
8834,8893
8835,8894
8836,8895
8837,8896
8838,8897
8839,8898
8840,8899
8841,8900
8842,8901
8843,8902
8844,8903
8845,8904
8846,8905
8847,8906
8848,8907
8849,8908
8850,8909
8851,8910
8852,8911
8853,8912
8854,8913
8855,8914
8856,8915
8857,8916
8858,8917
8859,8918
8860,8919
8861,8920
8862,8921
8863,8922
8864,8923
8865,8924
8866,8925
8867,8926
8868,8927
8869,8928
8870,8929
8871,8930
8872,8931
8873,8932
8874,8933
8875,8934
8876,8935
8877,8936
8878,8937
8879,8938
8880,8939
8881,8940
8882,8941
8883,8942
8884,8943
8885,8944
8886,8945
8887,8946
8888,8947
8889,8948
8890,8949
8891,8950
8892,8951
8893,8952
8894,8953
8895,8954
8896,8955
8897,8956
8898,8957
8899,8958
8900,8959
8901,8960
8902,8961
8903,8962
8904,8963
8905,8964
8906,8965
8907,8966
8908,8967
8909,8968
8910,8969
8911,8970
8912,8971
8913,8972
8914,8973
8915,8974
8916,8975
8917,8976
8918,8977
8919,8978
8920,8979
8921,8980
8922,8981
8923,8982
8924,8983
8925,8984
8926,8985
8927,8986
8928,8987
8929,8988
8930,8990
8931,8991
8932,8992
8933,8993
8934,8994
8935,8995
8936,8996
8937,8997
8938,8998
8939,8999
8940,9000
8941,9001
8942,9002
8943,9003
8944,9004
8945,9005
8946,9006
8947,9007
8948,9008
8949,9009
8950,9010
8951,9011
8952,9012
8953,9013
8954,9014
8955,9015
8956,9016
8957,9017
8958,9018
8959,9019
8960,9020
8961,9021
